time,feVelocity_m_s_X,feVelocity_m_s_Y,feVelocity_m_s_Z,altitudeMsl_m,longitude_rad,latitude_rad,localGravity_m_s2,eulerAngle_rad_Yaw,eulerAngle_rad_Pitch,eulerAngle_rad_Roll,bodyAngularRateWrtEi_rad_s_Roll,bodyAngularRateWrtEi_rad_s_Pitch,bodyAngularRateWrtEi_rad_s_Yaw,altitudeRateWrtMsl_m_s,speedOfSound_m_s,airDensity_kg_m3,ambientPressure_Pa,ambientTemperature_K,aero_bodyForce_N_X,aero_bodyForce_N_Y,aero_bodyForce_N_Z,aero_bodyMoment_Nm_L,aero_bodyMoment_Nm_M,aero_bodyMoment_Nm_N,mach,trueAirspeed_m_s
0.0,0.0,0.0,0.0,9144.0,0.0,0.0,9.786072474552002,0.0,0.0,0.0,0.0,0.0,0.0,0.0,303.23005392984,0.459177273275918,30157.60192315531,228.79958955555557,0.0,0.0,0.0,0.0,0.0,0.0,1.01e-08,3.04550848e-06
0.1,0.0,6.4008e-06,0.9752108189928,9143.951238096,3.17649923862968e-14,0.0,9.786072593424,0.0,0.0,-7.292107787879949e-06,0.0,0.0,0.0,-0.9752108191960001,303.23026372368,0.45917985017000806,30157.81869145179,228.7999061666667,0.0,0.0,0.0,0.0,0.0,0.0,0.003216074,0.975209974694144
0.2,0.0,2.703576e-05,1.9504216681608,9143.804958480001,2.7576202181510406e-13,0.0,9.786073014048,0.0,0.0,-1.4584233029052416e-05,0.0,0.0,0.0,-1.9504216678560002,303.23089316616006,0.459188096231096,30158.471399930233,228.800856,0.0,0.0,0.0,0.0,0.0,0.0,0.006432134,1.9504199787115961
0.3,0.0,6.186860880000001e-05,2.92563257646,9143.561155056,9.529497715889038e-13,0.0,9.786073730328,0.0,0.0,-2.1876340816932363e-05,0.0,0.0,0.0,-2.9256325764600004,303.23193966648,0.45920149608036404,30159.557151834968,228.8024352777778,0.0,0.0,0.0,0.0,0.0,0.0,0.009648168,2.92563004343344
0.4,0.0,0.0001109371416,3.900843573456,9143.219830872,2.286381320112572e-12,0.0,9.78607474836,0.0,0.0,-2.916846605810483e-05,0.0,0.0,0.0,-3.9008435744720003,303.23340581544,0.459220049717812,30161.076473848843,228.80464783333335,0.0,0.0,0.0,0.0,0.0,0.0,0.012864162,3.9008401971540962
0.5,0.0,0.00017422794720000002,4.876054690848,9142.780985928,4.50294947014537e-12,0.0,9.786076065096001,0.0,0.0,-3.646057384598479e-05,0.0,0.0,0.0,-4.876054691356001,303.2352915216,0.45924427252225797,30163.03177434889,228.80749361111114,0.0,0.0,0.0,0.0,0.0,0.0,0.016080103,4.876050471254648
0.6,0.0,0.00025174194,5.851265957592001,9142.244620224,7.819075048934597e-12,0.0,9.786077683584,0.0,0.0,-4.3752699087157254e-05,0.0,0.0,0.0,-5.85126595556,303.23759434656,0.459273649114884,30165.422579320537,228.8109687777778,0.0,0.0,0.0,0.0,0.0,0.0,0.019295978,5.851260894543961
0.7,0.0,0.0003434782056,6.82647740112,9141.61073376,1.2461650859239513e-11,0.0,9.786079597728001,0.0,0.0,-5.104482432832972e-05,0.0,0.0,0.0,-6.82647740112,303.24031672872,0.45930817949568997,30168.244632208764,228.81507722222224,0.0,0.0,0.0,0.0,0.0,0.0,0.022511774,6.82647149891756
0.8,0.0,0.0004494373536,7.801689054960001,9140.879323488,1.8675022996339328e-11,0.0,9.786081813624001,0.0,0.0,-5.833693211620966e-05,0.0,0.0,0.0,-7.801689054960001,303.24345869856,0.459348379043494,30171.502764131706,228.8198188888889,0.0,0.0,0.0,0.0,0.0,0.0,0.025727477,7.80168230906876
0.9,0.0,0.000569619384,8.776900946544,9140.050395504,2.652900463031381e-11,0.0,9.786084328224002,0.0,0.0,-6.562905735738214e-05,0.0,0.0,0.0,-8.776900947560001,303.2470202256,0.459393732379478,30175.197018181596,228.82519377777777,0.0,0.0,0.0,0.0,0.0,0.0,0.028943074,8.77689336100864
1.0,0.0,0.0007040239920000001,9.752113103304001,9139.123943712,3.647738136668149e-11,0.0,9.786087141528,0.0,0.0,-7.29211825985546e-05,0.0,0.0,0.0,-9.752113104320001,303.25099874952,0.45944475488246,30179.322141894016,228.83119811111112,0.0,0.0,0.0,0.0,0.0,0.0,0.032158552,9.752104685603841
1.1,0.0,0.0008526514824,10.727325561816,9138.099974208,4.86946861306418e-11,0.0,9.786090253535999,0.0,0.0,-8.021330783972707e-05,0.0,0.0,0.0,-10.7273255608,303.25539683064005,0.459500931173622,30183.885891870927,228.83783566666668,0.0,0.0,0.0,0.0,0.0,0.0,0.035373898,10.72731630343212
1.2,0.0,0.0010155015504000001,11.702538346464001,9136.978480896001,6.335545184739416e-11,0.0,9.786093667296,0.0,0.0,-8.750543308089955e-05,0.0,0.0,0.0,-11.70253834748,303.26021443848003,0.459562261252964,30188.881133953742,228.8451065,0.0,0.0,0.0,0.0,0.0,0.0,0.038589099,11.702528255649
1.3,0.0,0.0011925745008,12.677751487728,9135.759463776001,8.063421144213803e-11,0.0,9.786097376712,0.0,0.0,-9.479757577536453e-05,0.0,0.0,0.0,-12.67775148468,303.26544898224,0.459628745120486,30194.312230034047,228.85300672222223,0.0,0.0,0.0,0.0,0.0,0.0,0.041804141,12.67774056283224
1.4,0.0,0.0013838703336,13.652965016088002,9134.442928944,1.0070549784007282e-10,0.0,9.78610138788,0.0,0.0,-0.00010208970101653699,0.0,0.0,0.0,-13.652965018120002,303.27110302224,0.45970089815500603,30200.179749886935,228.86154022222223,0.0,0.0,0.0,0.0,0.0,0.0,0.045019011,13.65295326099292
1.5,0.0,0.0015893887440000002,14.628178962024,9133.028873352001,1.239183768915974e-10,0.0,9.786105697752,0.0,0.0,-0.000109381843711002,0.0,0.0,0.0,-14.628178963040002,303.27717649752,0.459778720356524,30206.47898209491,228.87070694444444,0.0,0.0,0.0,0.0,0.0,0.0,0.048233696,14.62816637585324
1.6,0.0,0.0018091303416,15.603393352968002,9131.517293952,1.5062191444711064e-10,0.0,9.786110306328,0.0,0.0,-0.00011667398640546698,0.0,0.0,0.0,-15.603393355000001,303.28366687824,0.45986169634622204,30213.21670171463,228.88050305555558,0.0,0.0,0.0,0.0,0.0,0.0,0.051448183,15.603379943424281
1.7,0.0,0.0020430945168,16.578608222448,9129.908193792,1.8151424220741027e-10,0.0,9.786115216656,0.0,0.0,-0.00012396612909993196,0.0,0.0,0.0,-16.57860822448,303.29057666376,0.4599498261241,30220.38630605837,228.89093244444447,0.0,0.0,0.0,0.0,0.0,0.0,0.054662458,16.578593989428242
1.8,0.0,0.0022912815744000003,17.553823597896002,9128.201572872,2.1467549799530252e-10,0.0,9.786120425688,0.0,0.0,-0.00013125828924768948,0.0,0.0,0.0,-17.55382359688,303.29790579312,0.460043109690158,30227.992683700584,228.90199511111112,0.0,0.0,0.0,0.0,0.0,0.0,0.057876508,17.55380854473176
1.9,0.0,0.0025536915144000003,18.529039506744,9126.397428144,2.530727415391778e-10,0.0,9.786125930375999,0.0,0.0,-0.00013855043194215444,0.0,0.0,0.0,-18.52903950776,303.3056542968,0.46014206242321404,30236.035944765856,228.91369094444445,0.0,0.0,0.0,0.0,0.0,0.0,0.061090321,18.52902363505704
2.0,0.0,0.0028303243368,19.504255985568,9124.495762656,2.949606435870417e-10,0.0,9.786131739864002,0.0,0.0,-0.000145842592089912,0.0,0.0,0.0,-19.50425598252,303.31381955352003,0.46024616894445003,30244.51328825904,228.92601622222222,0.0,0.0,0.0,0.0,0.0,0.0,0.064303882,19.504239296415157
2.1,0.0,0.0031211800416,20.479473055704002,9122.496576408,3.420845333908886e-10,0.0,9.786137845008,0.0,0.0,-0.00015313475223766948,0.0,0.0,0.0,-20.479473056720003,303.32240406264003,0.46035594463268403,30253.425331835486,228.9389747777778,0.0,0.0,0.0,0.0,0.0,0.0,0.06751718,20.479455554528318
2.2,0.0,0.0034262586288,21.454690753728002,9120.3998694,3.9269908169872415e-10,0.0,9.786144248856,0.0,0.0,-0.00016042691238542697,0.0,0.0,0.0,-21.45469075576,303.33140785464,0.46047087410909804,30262.772199983847,228.95256655555556,0.0,0.0,0.0,0.0,0.0,0.0,0.0707302,21.4546724454076
2.3,0.0,0.0037455604032,22.429909107072003,9118.205638584,4.4854961776254265e-10,0.0,9.786150954456,0.0,0.0,-0.00016771908998647702,0.0,0.0,0.0,-22.429909105040004,303.3408308076,0.46059095737369204,30272.556411205765,228.96679155555557,0.0,0.0,0.0,0.0,0.0,0.0,0.073942929,22.42988998963076
2.4,0.0,0.00407908506,23.405128143168,9115.913887008,5.096361415823443e-10,0.0,9.78615795876,0.0,0.0,-0.00017501126758752704,0.0,0.0,0.0,-23.4051281452,303.35067039168,0.46071670980528406,30282.777596823234,228.98164594444447,0.0,0.0,0.0,0.0,0.0,0.0,0.077155354,23.40510822835332
2.5,0.0,0.004426832599200001,24.380347895544002,9113.524614672,5.759586531581287e-10,0.0,9.786165261768001,0.0,0.0,-0.00018230344518857706,0.0,0.0,0.0,-24.380347896560004,303.36092910624,0.46084761602505603,30293.433994842733,228.9971336111111,0.0,0.0,0.0,0.0,0.0,0.0,0.080367463,24.380327182153042
2.6,0.0,0.0047888033255999995,25.355568391632,9111.037818528,6.492624817418907e-10,0.0,9.78617286348,0.0,0.0,-0.00018959562278962708,0.0,0.0,0.0,-25.355568389600002,303.37160439096004,0.460983676033008,30304.52524137428,229.0132507222222,0.0,0.0,0.0,0.0,0.0,0.0,0.083579242,25.35554688189656
2.7,0.0,0.005164996934400001,26.330789661912,9108.453498576,7.260569688296411e-10,0.0,9.786180766944,0.0,0.0,-0.00019688781784396963,0.0,0.0,0.0,-26.330789659880004,303.38270121408,0.461125405207958,30316.05489870916,229.0300048888889,0.0,0.0,0.0,0.0,0.0,0.0,0.086790677,26.33076736359496
2.8,0.0,0.0055554137303999995,27.306011736864,9105.771660912,8.098327729253689e-10,0.0,9.786188969112,0.0,0.0,-0.0002041800303516047,0.0,0.0,0.0,-27.30601173788,303.39421448544005,0.461272288171088,30328.019710989745,229.04738844444446,0.0,0.0,0.0,0.0,0.0,0.0,0.090001757,27.305988652970438
2.9,0.0,0.005960053713600001,28.281234643920005,9102.992296392,9.00589894029074e-10,0.0,9.786197466935999,0.0,0.0,-0.00021147222540594725,0.0,0.0,0.0,-28.281234643920005,303.40614420504,0.461424840301216,30340.41984100893,229.06540144444446,0.0,0.0,0.0,0.0,0.0,0.0,0.093212467,28.2812107757452
3.0,0.0,0.006378916884,29.256458416608,9100.11541416,9.965830028887622e-10,0.0,9.786206269560001,0.0,0.0,-0.00021876443791358233,0.0,0.0,0.0,-29.256458413560004,303.41849531064,0.46158254621952405,30353.258855846005,229.08405150000002,0.0,0.0,0.0,0.0,0.0,0.0,0.096422794,29.25643377307476
3.1,0.0,0.006812003241600001,30.23168308236,9097.141005072,1.0995574287564276e-09,0.0,9.78621536784,0.0,0.0,-0.0002260566504212174,0.0,0.0,0.0,-30.231683082360004,303.43126274256,0.46174540592601204,30366.533523583486,229.103331,0.0,0.0,0.0,0.0,0.0,0.0,0.099632726,30.231657665536883
3.2,0.0,0.0072593127864,31.2069086808,9094.069075224,1.2112585008840647e-09,0.0,9.786224764824002,0.0,0.0,-0.000233348880382145,0.0,0.0,0.0,-31.20690867064,303.4444489392,0.461913934799498,30380.246922922026,229.12324372222224,0.0,0.0,0.0,0.0,0.0,0.0,0.102842249,31.2068824839982
3.3,0.0,0.0077208455184000005,32.18213520888,9090.899624616,1.3281955607676847e-09,0.0,9.78623446356,0.0,0.0,-0.00024064111034307256,0.0,0.0,0.0,-32.18213520888,303.45805390056,0.462087617461164,30394.396841793656,229.14378966666666,0.0,0.0,0.0,0.0,0.0,0.0,0.10605135,32.1821082644698
3.4,0.0,0.0081966017424,33.157362742800004,9087.6326502,1.4521139376592822e-09,0.0,9.786244461,0.0,0.0,-0.0002479333577572927,0.0,0.0,0.0,-33.15736273264,303.47207497488,0.46226645391101,30408.98296418868,229.16496505555557,0.0,0.0,0.0,0.0,0.0,0.0,0.109260016,33.15733502752944
3.5,0.0,0.008686581153600001,34.13259128256,9084.268151976,1.5847589608108514e-09,0.0,9.786254757144,0.0,0.0,-0.00025522558771822027,0.0,0.0,0.0,-34.13259126732,303.486514692,0.46245095952785403,30424.00838317181,229.18677366666668,0.0,0.0,0.0,0.0,0.0,0.0,0.112468234,34.132562809188194
3.6,0.0,0.009190783752000001,35.10782085864,9080.806129944001,1.7243853009703977e-09,0.0,9.786265355040001,0.0,0.0,-0.0002625178525857329,0.0,0.0,0.0,-35.10782084848,303.50137296048,0.462640618932878,30439.473309416207,229.20921555555557,0.0,0.0,0.0,0.0,0.0,0.0,0.115675991,35.107791640312726
3.7,0.0,0.009709209842399999,36.08305150152,9077.246587152002,1.867502299633933e-09,0.0,9.786276248592001,0.0,0.0,-0.00026981011745324553,0.0,0.0,0.0,-36.08305149644,303.51664718952,0.4628359475049,30455.372634098218,229.23228683333335,0.0,0.0,0.0,0.0,0.0,0.0,0.118883274,36.08302155176964
3.8,0.0,0.010241859424800001,37.05828324168,9073.589520552001,2.0245819323134225e-09,0.0,9.786287443896,0.0,0.0,-0.00027710238232075816,0.0,0.0,0.0,-37.05828324676,303.53233987848,0.463036429865102,30471.711882599735,229.25599138888887,0.0,0.0,0.0,0.0,0.0,0.0,0.12209007,37.058252569281166
3.9,0.0,0.0107887324992,38.03351614008,9069.834930144001,2.1991148575128553e-09,0.0,9.786298937904,0.0,0.0,-0.0002843946646415633,0.0,0.0,0.0,-38.03351612992,303.54845090544,0.463242066013484,30488.49127038193,229.28032911111114,0.0,0.0,0.0,0.0,0.0,0.0,0.125296366,38.03348471856948
4.0,0.0,0.011349829370400001,39.00875016624,9065.982815928,2.373647782712288e-09,0.0,9.786310730616,0.0,0.0,-0.0002916869469623684,0.0,0.0,0.0,-39.0087501764,303.56498023992003,0.463453371328864,30505.70861889302,229.30530016666665,0.0,0.0,0.0,0.0,0.0,0.0,0.128502147,39.00871804079012
4.1,0.0,0.011925149428800002,39.983985411599996,9062.033180952,2.548180707911721e-09,0.0,9.78632282508,0.0,0.0,-0.0002989792467364661,0.0,0.0,0.0,-39.9839854116,303.58192529112,0.463669830432424,30523.36366000354,229.33090055555556,0.0,0.0,0.0,0.0,0.0,0.0,0.131707404,39.983952561665284
4.2,0.0,0.012514693284000001,40.95922187616,9057.98601912,2.7401669256310974e-09,0.0,9.786335215200001,0.0,0.0,-0.0003062715465105638,0.0,0.0,0.0,-40.959221871080004,303.59928849744,0.46389144332416404,30541.45952508244,229.35713422222221,0.0,0.0,0.0,0.0,0.0,0.0,0.13491212,40.95918830691716
4.3,0.0,0.0131184606312,41.9344595904,9053.841336528001,2.9321531433504735e-09,0.0,9.786347907072,0.0,0.0,-0.000313563863737954,0.0,0.0,0.0,-41.934459575160005,303.61706979792,0.464118725382902,30559.99406430609,229.38400116666668,0.0,0.0,0.0,0.0,0.0,0.0,0.138116285,41.934425307412404
4.4,0.0,0.0137364517752,42.90969855432001,9049.59912708,3.159045946109736e-09,0.0,9.786360897648,0.0,0.0,-0.00032085618096534417,0.0,0.0,0.0,-42.90969856448,303.63526660176,0.46435116122982,30578.967009545042,229.41149750000002,0.0,0.0,0.0,0.0,0.0,0.0,0.141319884,42.90966359916208
4.5,0.0,0.014368666716000001,43.884938859360005,9045.259396872001,3.368485456349056e-09,0.0,9.786374189976002,0.0,0.0,-0.00032814851564602686,0.0,0.0,0.0,-43.884938859360005,303.65388134736,0.4645887508649181,30598.381530472434,229.43962705555558,0.0,0.0,0.0,0.0,0.0,0.0,0.144522906,43.88490320274396
4.6,0.0,0.0150151054536,44.860180505520006,9040.822139808,3.595378259108319e-09,0.0,9.786387777960002,0.0,0.0,-0.00033544086778000215,0.0,0.0,0.0,-44.86018050044,303.67291394328004,0.46483200966701405,30618.237885641665,229.46838988888888,0.0,0.0,0.0,0.0,0.0,0.0,0.147725335,44.86014415931356
4.7,0.0,0.015675767988,45.8354234928,9036.287358936,3.839724354387525e-09,0.0,9.786401667696,0.0,0.0,-0.00034273321991397734,0.0,0.0,0.0,-45.83542350804,303.69236432856,0.465080937636108,30638.531526428134,229.49778594444447,0.0,0.0,0.0,0.0,0.0,0.0,0.15092716,45.83538648944864
4.8,0.0,0.0163506543192,46.81066791264001,9031.655054256,4.084070449666731e-09,0.0,9.786415856136001,0.0,0.0,-0.00035002558950124503,0.0,0.0,0.0,-46.81066791264001,303.7122299124,0.465334504014564,30659.267030184605,229.52781144444447,0.0,0.0,0.0,0.0,0.0,0.0,0.154128369,46.810630224015846
4.9,0.0,0.017039764752000003,47.785913734560005,9026.925225768,4.345869837465881e-09,0.0,9.786430343280001,0.0,0.0,-0.0003573179590885128,0.0,0.0,0.0,-47.7859137498,303.73251310272,0.465593739560018,30680.44518214732,229.55847016666667,0.0,0.0,0.0,0.0,0.0,0.0,0.157328948,47.78587539902624
5.0,0.0,0.0177430989816,48.761161050000005,9022.097873472001,4.625122517784973e-09,0.0,9.786445129128001,0.0,0.0,-0.0003646103461290731,0.0,0.0,0.0,-48.76116104492,303.75321386904,0.465858128893652,30702.06385164475,229.58976211111113,0.0,0.0,0.0,0.0,0.0,0.0,0.160528883,48.76112204020204
5.1,0.0,0.0184606576176,49.73640982848,9017.17299432,4.904375198104066e-09,0.0,9.786460216727999,0.0,0.0,-0.00037190275062292587,0.0,0.0,0.0,-49.73640982848001,303.77432952912,0.466128187394284,30724.122823215737,229.62168350000002,0.0,0.0,0.0,0.0,0.0,0.0,0.163728164,49.73637017840988
5.2,0.0,0.0191924400504,50.711660130960006,9012.150591360001,5.201081170943102e-09,0.0,9.786475603031999,0.0,0.0,-0.00037919515511677867,0.0,0.0,0.0,-50.711660130960006,303.79586258232,0.466403399683096,30746.62530962566,229.6542381111111,0.0,0.0,0.0,0.0,0.0,0.0,0.166926776,50.71161983937196
5.3,0.0,0.0199384468896,51.686911987920006,9007.030661544,5.515240436302082e-09,0.0,9.78649128804,0.0,0.0,-0.00038648757706392396,0.0,0.0,0.0,-51.686911967600004,303.81781290672,0.46668428113890603,30769.569194567062,229.68742600000002,0.0,0.0,0.0,0.0,0.0,0.0,0.170124705,51.6868710385216
5.4,0.0,0.0206986778304,52.662165399360006,9001.81320792,5.829399701661061e-09,0.0,9.786507271752,0.0,0.0,-0.00039377999901106926,0.0,0.0,0.0,-52.6621653892,303.84018044136,0.466970316382896,30792.957202426685,229.72124711111113,0.0,0.0,0.0,0.0,0.0,0.0,0.17332194,52.6621238787476
5.5,0.0,0.0214731328728,53.63742045672,8996.498230488,6.1610122595399835e-09,0.0,9.786523554168001,0.0,0.0,-0.0004010724558647996,0.0,0.0,0.0,-53.6374204364,303.86296253448,0.467270266854972,30817.38143485115,229.75569761111115,0.0,0.0,0.0,0.0,0.0,0.0,0.176518468,53.63737831375
5.6,0.0,0.0222618123216,54.61267712952,8991.085723152,6.492624817418906e-09,0.0,9.786540138336001,0.0,0.0,-0.00040836491271853,0.0,0.0,0.0,-54.61267710920001,303.88616162448005,0.467581040282226,30842.570879998588,229.7907813888889,0.0,0.0,0.0,0.0,0.0,0.0,0.179714276,54.612634343528796
5.7,0.0,0.023064716481600002,55.58793547872,8985.575695056,6.8591439603377145e-09,0.0,9.786557021208,0.0,0.0,-0.0004156573695722603,0.0,0.0,0.0,-55.587935458400004,303.90977765040003,0.46789696749766,30868.222537226087,229.8264983888889,0.0,0.0,0.0,0.0,0.0,0.0,0.182909351,55.5878921224172
5.8,0.0,0.0238818447432,56.56319550432,8979.968137056001,7.225663103256524e-09,0.0,9.786574202784001,0.0,0.0,-0.0004229498613325757,0.0,0.0,0.0,-56.563195484000005,303.93380796048,0.46821907925891004,30894.336248528794,229.86284483333336,0.0,0.0,0.0,0.0,0.0,0.0,0.186103681,56.5631515475264
5.9,0.0,0.024713197716,57.53845726728001,8974.263055248,7.609635538695277e-09,0.0,9.786591683064001,0.0,0.0,-0.0004302423530928911,0.0,0.0,0.0,-57.538457287600004,303.95825496264,0.46854634480834,30920.908049421265,229.89982450000002,0.0,0.0,0.0,0.0,0.0,0.0,0.189297253,57.5384127731896
6.0,0.0,0.025558775400000004,58.51372079808,8968.460446584,7.993607974134029e-09,0.0,9.786609465096,0.0,0.0,-0.000437534862306499,0.0,0.0,0.0,-58.5137208184,303.98311859592,0.46887927952476804,30947.943115759503,229.93743744444447,0.0,0.0,0.0,0.0,0.0,0.0,0.192490052,58.513675696518
6.1,0.0,0.026418577490400004,59.4889861272,8962.560311064,8.395033702092726e-09,0.0,9.786627545832001,0.0,0.0,-0.0004448273715201069,0.0,0.0,0.0,-59.48898612720001,304.0083987384,0.46921788340819404,30975.43940784446,229.97568361111112,0.0,0.0,0.0,0.0,0.0,0.0,0.195682067,59.488940471844806
6.2,0.0,0.027292604292,60.46425325464,8956.562648688001,8.831366015091307e-09,0.0,9.786645925272,0.0,0.0,-0.0004521199156402998,0.0,0.0,0.0,-60.46425326480001,304.0340927688,0.46956164107980003,31003.399180836353,230.0145591666667,0.0,0.0,0.0,0.0,0.0,0.0,0.198873287,60.4642070477256
6.3,0.0,0.028180856109600003,61.43952221088001,8950.467459456,9.250245035569946e-09,0.0,9.786664603416002,0.0,0.0,-0.0004594124597604928,0.0,0.0,0.0,-61.43952223120001,304.06020309504004,0.46991158329722205,31031.820921718987,230.054068,0.0,0.0,0.0,0.0,0.0,0.0,0.202063697,61.4394754756048
6.4,0.0,0.029083332638400003,62.41479305688,8944.274743368002,9.704030641088472e-09,0.0,9.786683583312001,0.0,0.0,-0.0004667050213339783,0.0,0.0,0.0,-62.4147930772,304.08672962568005,0.470267194681642,31060.705008746405,230.09421005555558,0.0,0.0,0.0,0.0,0.0,0.0,0.205253284,62.4147458069268
6.5,0.0,0.0300000338784,63.390065823120004,8937.984500424001,1.017526953912694e-08,0.0,9.786702861912,0.0,0.0,-0.00047399760036075626,0.0,0.0,0.0,-63.3900658028,304.1136722388,0.47062795985424205,31090.05182974871,230.13498533333336,0.0,0.0,0.0,0.0,0.0,0.0,0.208442036,63.3900179902472
6.6,0.0,0.0309309604392,64.3653405096,8931.596730624,1.064650843716541e-08,0.0,9.786722439216,0.0,0.0,-0.00048129017938753423,0.0,0.0,0.0,-64.3653405096,304.14102831312005,0.47099439419384004,31119.863668614256,230.17639005555557,0.0,0.0,0.0,0.0,0.0,0.0,0.211629941,64.3652921798992
6.7,0.0,0.031876112016,65.34061717728001,8925.111433968,1.1135200627723821e-08,0.0,9.786742315224,0.0,0.0,-0.0004885827933208972,0.0,0.0,0.0,-65.3406171468,304.16880022608,0.47136649770043604,31150.13662310194,230.21842805555556,0.0,0.0,0.0,0.0,0.0,0.0,0.214816986,65.3405683758828
6.8,0.0,0.0328354886088,66.31589582616,8918.528607408,1.1641346110802179e-08,0.0,9.786762489936,0.0,0.0,-0.0004958754072542604,0.0,0.0,0.0,-66.31589581600001,304.19698791672005,0.47174427037403,31180.87832532503,230.2610992222222,0.0,0.0,0.0,0.0,0.0,0.0,0.218003158,66.3158465267536
6.9,0.0,0.033809090522400005,67.29117648672,8911.848253992,1.2164944886400476e-08,0.0,9.7867829664,0.0,0.0,-0.0005031680560942083,0.0,0.0,0.0,-67.2911765172,304.2255887028,0.472127712214622,31212.08144481589,230.3043998888889,0.0,0.0,0.0,0.0,0.0,0.0,0.221188445,67.291126683956
7.0,0.0,0.0347969177568,68.26645921992,8905.070370672001,1.2705996954518719e-08,0.0,9.786803741568,0.0,0.0,-0.0005104607049341564,0.0,0.0,0.0,-68.2664592504,304.25460502272,0.47251630784339405,31243.751731993612,230.34833372222224,0.0,0.0,0.0,0.0,0.0,0.0,0.224372834,68.2664089503788
7.1,0.0,0.035798970007200004,69.24174405624001,8898.194960496001,1.324704902263696e-08,0.0,9.786824815440001,0.0,0.0,-0.0005177533712273969,0.0,0.0,0.0,-69.2417440664,304.28403672408,0.472911088017982,31275.887204615483,230.39290083333336,0.0,0.0,0.0,0.0,0.0,0.0,0.227556312,69.241693326022
7.2,0.0,0.0368152478832,70.2170309652,8891.222023464,1.382300767579509e-08,0.0,9.786846188016002,0.0,0.0,-0.0005250460375206377,0.0,0.0,0.0,-70.21703096520001,304.31388121608,0.47331102198075004,31308.48776692098,230.4380973888889,0.0,0.0,0.0,0.0,0.0,0.0,0.230738869,70.2169798108856
7.3,0.0,0.0378457513848,71.19232003824,8884.151556528,1.4416419621473162e-08,0.0,9.786867862344,0.0,0.0,-0.0005323387387204632,0.0,0.0,0.0,-71.1923200484,304.34414334504004,0.473716625110516,31341.55731157517,230.48393094444447,0.0,0.0,0.0,0.0,0.0,0.0,0.233920487,71.192268456414
7.4,0.0,0.038890480512,72.16761130584001,8876.983559688,1.5009831567151234e-08,0.0,9.786889835376,0.0,0.0,-0.0005396314573735813,0.0,0.0,0.0,-72.167611316,304.37481802080003,0.47412789740728006,31375.092822121715,230.53039400000003,0.0,0.0,0.0,0.0,0.0,0.0,0.237101158,72.16755926260721
7.5,0.0,0.03994943526480001,73.14290473752,8869.718032944,1.562069680534925e-08,0.0,9.786912107112,0.0,0.0,-0.0005469241934799921,0.0,0.0,0.0,-73.14290476800001,304.40590506048005,0.47454483887104204,31409.094753423095,230.57748644444445,0.0,0.0,0.0,0.0,0.0,0.0,0.24028087,73.142852332354
7.6,0.0,0.041022615643200006,74.11820042472,8862.354976296001,1.6266468628587152e-08,0.0,9.786934680600002,0.0,0.0,-0.0005542169295864027,0.0,0.0,0.0,-74.1182004552,304.43740943232,0.47496744950180203,31443.56459455535,230.6252158888889,0.0,0.0,0.0,0.0,0.0,0.0,0.243459606,74.11814761421
7.7,0.0,0.042110021952000004,75.09349839792,8854.894392792,1.6912240451825052e-08,0.0,9.786957549744,0.0,0.0,-0.0005615097005993983,0.0,0.0,0.0,-75.0934983776,304.46932589376,0.47539572929956003,31478.504179332413,230.67357483333336,0.0,0.0,0.0,0.0,0.0,0.0,0.246637358,75.09344515961959
7.8,0.0,0.0432116541912,76.06879862664,8847.336279384,1.7627825445142728e-08,0.0,9.78698072064,0.0,0.0,-0.0005688024890656867,0.0,0.0,0.0,-76.06879863680001,304.50165691368005,0.47582916288549804,31513.91208092256,230.722567,0.0,0.0,0.0,0.0,0.0,0.0,0.249814112,76.06874502002721
7.9,0.0,0.04432751236080001,77.04410120232001,8839.680633024002,1.832595714594046e-08,0.0,9.78700419024,0.0,0.0,-0.0005760952775319749,0.0,0.0,0.0,-77.044101182,304.53439977936,0.476268265638434,31549.788246657503,230.77218855555557,0.0,0.0,0.0,0.0,0.0,0.0,0.252989856,77.04404719543281
8.0,0.0,0.045457596460800005,78.01940612496001,8831.92745676,1.902408884673819e-08,0.0,9.787027961592,0.0,0.0,-0.0005833881009048482,0.0,0.0,0.0,-78.0194061148,304.56755942856,0.47671355293718604,31586.136621870584,230.82244722222225,0.0,0.0,0.0,0.0,0.0,0.0,0.256164575,78.0193517887252
8.1,0.0,0.0466019071008,78.99471342503999,8824.076750592001,1.9722220547535924e-08,0.0,9.787052028600002,0.0,0.0,-0.0005906809242777214,0.0,0.0,0.0,-78.9947134352,304.60113067968,0.477163994024118,31622.954228409697,230.87333527777778,0.0,0.0,0.0,0.0,0.0,0.0,0.25933826,78.99465874846
8.2,0.0,0.047760443671200005,79.97002313304,8816.12851452,2.0420352248333655e-08,0.0,9.787076397360002,0.0,0.0,-0.0005979737825571797,0.0,0.0,0.0,-79.97002314320001,304.63511594064005,0.4776201042780481,31660.242071760273,230.92485655555558,0.0,0.0,0.0,0.0,0.0,0.0,0.262510897,79.9699681260816
8.3,0.0,0.04893320678160001,80.94533527944002,8808.082745496,2.111848394913139e-08,0.0,9.787101064824,0.0,0.0,-0.0006052666582899305,0.0,0.0,0.0,-80.94533528960001,304.66951249872,0.4780813683201581,31698.00013277022,230.97700727777777,0.0,0.0,0.0,0.0,0.0,0.0,0.265682475,80.9452799730344
8.4,0.0,0.050120196432,81.92064989472001,8799.939446568,2.199114857512855e-08,0.0,9.78712603404,0.0,0.0,-0.0006125595340226814,0.0,0.0,0.0,-81.92064992520001,304.70432276184005,0.47854881690808404,31736.23185403015,231.02979127777778,0.0,0.0,0.0,0.0,0.0,0.0,0.26885298,81.9205942893184
8.5,0.0,0.0513214123176,82.89596703984,8791.698617736,2.2689280275926285e-08,0.0,9.787151298912,0.0,0.0,-0.0006198524446620172,0.0,0.0,0.0,-82.89596705000001,304.73954660808005,0.47902141928419006,31774.935325117734,231.08320844444444,0.0,0.0,0.0,0.0,0.0,0.0,0.2720224,82.895911126378
8.6,0.0,0.05253685504800001,83.87128668432,8783.360252904,2.356194490192345e-08,0.0,9.787176865536,0.0,0.0,-0.0006271453727546457,0.0,0.0,0.0,-83.8712867148,304.77518388504,0.47950020620611206,31814.111058351737,231.13725888888888,0.0,0.0,0.0,0.0,0.0,0.0,0.275190723,83.87123048421321
8.7,0.0,0.053766524318400004,84.8466089196,8774.924358168,2.443460952792061e-08,0.0,9.787202730864001,0.0,0.0,-0.0006344383183005664,0.0,0.0,0.0,-84.84660891960002,304.81123188,0.479984146916214,31853.761476473268,231.19193877777778,0.0,0.0,0.0,0.0,0.0,0.0,0.278357938,84.8465524657128
8.8,0.0,0.0550104204336,85.8219337152,8766.390933528,2.530727415391778e-08,0.0,9.787228897943999,0.0,0.0,-0.0006417312812997799,0.0,0.0,0.0,-85.82193371520002,304.8476957136,0.480473756793314,31893.885732001752,231.2472557222222,0.0,0.0,0.0,0.0,0.0,0.0,0.281524029,85.8218770194324
8.9,0.0,0.0562685436984,86.79726116256,8757.759972888001,2.6179938779914944e-08,0.0,9.787255363728,0.0,0.0,-0.0006490242617522859,0.0,0.0,0.0,-86.79726115240001,304.8845670648,0.480969035837412,31934.4827763595,231.30319822222222,0.0,0.0,0.0,0.0,0.0,0.0,0.28468899,86.7972042482608
9.0,0.0,0.05754089380800001,87.77259126168,8749.031479296,2.7052603405912108e-08,0.0,9.787282128216,0.0,0.0,-0.0006563172771113768,0.0,0.0,0.0,-87.77259123120001,304.9218541632,0.48146998404850805,31975.55716295915,231.35977783333334,0.0,0.0,0.0,0.0,0.0,0.0,0.287852802,87.7725341007536
9.1,0.0,0.0588274707624,88.74792401256,8740.205452752,2.7925268031909273e-08,0.0,9.787309191408001,0.0,0.0,-0.0006636102924704678,0.0,0.0,0.0,-88.74792400240001,304.9595512176,0.481976086047784,32017.103519635642,231.41698683333334,0.0,0.0,0.0,0.0,0.0,0.0,0.291015458,88.7478666283552
9.2,0.0,0.06012827517120001,89.72325947616001,8731.281896304,2.879793265790644e-08,0.0,9.787336553304,0.0,0.0,-0.0006709033427361439,0.0,0.0,0.0,-89.723259466,304.99766097120005,0.482488372592876,32059.12778832912,231.47482911111112,0.0,0.0,0.0,0.0,0.0,0.0,0.294176943,89.7232019339544
9.3,0.0,0.0614433067296,90.69859771344,8722.260800808,2.9845130209103035e-08,0.0,9.787364216952001,0.0,0.0,-0.0006781964104551124,0.0,0.0,0.0,-90.69859772360002,305.0361831192,0.483005812926148,32101.630519662558,231.53330461111113,0.0,0.0,0.0,0.0,0.0,0.0,0.297337246,90.6985399661068
9.4,0.0,0.0627725660472,91.67393869392,8713.142175408,3.07177948351002e-08,0.0,9.787392179304,0.0,0.0,-0.0006854894956273735,0.0,0.0,0.0,-91.67393867360002,305.0751173568,0.48352892242641804,32144.60742356475,231.59241333333335,0.0,0.0,0.0,0.0,0.0,0.0,0.300496353,91.67388077625681
9.5,0.0,0.0641160525144,92.64928247856001,8703.926014008,3.17649923862968e-08,0.0,9.787420440360002,0.0,0.0,-0.000692782598252927,0.0,0.0,0.0,-92.6492824684,305.11446094080003,0.484058216472504,32188.06340297422,231.65215150000003,0.0,0.0,0.0,0.0,0.0,0.0,0.303654256,92.6492244158488
9.6,0.0,0.065473766436,93.62462906736,8694.612319656,3.281218993749339e-08,0.0,9.787449003168,0.0,0.0,-0.0007000757183317732,0.0,0.0,0.0,-93.62462905720001,305.1542166144,0.48459266430677006,32231.999554348902,231.71252288888888,0.0,0.0,0.0,0.0,0.0,0.0,0.30681094,93.6245708848828
9.7,0.0,0.06684570842160001,94.59997855176,8685.201089304,3.3859387488689994e-08,0.0,9.787477864680001,0.0,0.0,-0.0007073688733172044,0.0,0.0,0.0,-94.59997854160001,305.1943840728,0.48513226592921604,32276.411606769685,231.7735275,0.0,0.0,0.0,0.0,0.0,0.0,0.309966392,94.59992023480321
9.8,0.0,0.0682318781664,95.57533090128,8675.692322952,3.490658503988659e-08,0.0,9.787507024896001,0.0,0.0,-0.0007146620457559279,0.0,0.0,0.0,-95.5753309216,305.23496057280005,0.48567805209747805,32321.30447753917,231.83516161111112,0.0,0.0,0.0,0.0,0.0,0.0,0.313120604,95.57527246561
9.9,0.0,0.0696322756704,96.55068617688,8666.086023648,3.595378259108319e-08,0.0,9.787536483816,0.0,0.0,-0.0007219552356479441,0.0,0.0,0.0,-96.55068619720001,305.2759485528,0.48622899205392006,32366.67685952629,231.8974288888889,0.0,0.0,0.0,0.0,0.0,0.0,0.316273561,96.550627680192
10.0,0.0,0.0710469012384,97.52604440904,8656.382185296,3.7000980142279785e-08,0.0,9.787566244488,0.0,0.0,-0.0007292484429932529,0.0,0.0,0.0,-97.5260444192,305.317347708,0.48678611655617804,32412.531778763412,231.96032944444445,0.0,0.0,0.0,0.0,0.0,0.0,0.319425251,97.52598582710479
10.1,0.0,0.0724757548704,98.50140562824,8646.580813992001,3.822271061867582e-08,0.0,9.787596303864001,0.0,0.0,-0.0007365416852451466,0.0,0.0,0.0,-98.5014056384,305.35915803840004,0.487348394846616,32458.86498827156,232.02386322222222,0.0,0.0,0.0,0.0,0.0,0.0,0.322575661,98.5013469577928
10.2,0.0,0.0739188368712,99.47676983448001,8636.681903640001,3.9269908169872415e-08,0.0,9.787626661944,0.0,0.0,-0.0007438349449503329,0.0,0.0,0.0,-99.47676985480001,305.4013768008,0.487916342304052,32505.681429293465,232.08802644444447,0.0,0.0,0.0,0.0,0.0,0.0,0.325724784,99.4767111237004
10.3,0.0,0.075376146936,100.45213708872001,8626.685460336,4.0491638646268444e-08,0.0,9.787657321776,0.0,0.0,-0.0007511282221088116,0.0,0.0,0.0,-100.4521371192,305.4440085672,0.48848995892848607,32552.982782426217,232.15282666666667,0.0,0.0,0.0,0.0,0.0,0.0,0.3288726,100.452078376272
10.4,0.0,0.0768476856744,101.42750742144,8616.591477984,4.171336912266448e-08,0.0,9.787688280312,0.0,0.0,-0.0007584215341738755,0.0,0.0,0.0,-101.4275074316,305.4870460224,0.48906924471991803,32600.763206278218,232.21825255555555,0.0,0.0,0.0,0.0,0.0,0.0,0.332019108,101.4274486640632
10.5,0.0,0.0783334530864,102.40288083264,8606.399956584,4.293509959906051e-08,0.0,9.787719537552,0.0,0.0,-0.0007657148636922318,0.0,0.0,0.0,-102.4028808428,305.53049648160004,0.48965419967834806,32649.029801491877,232.28431550000002,0.0,0.0,0.0,0.0,0.0,0.0,0.335164286,102.40282208996281
10.6,0.0,0.079833449172,103.37825738328002,8596.110902232,4.4156830075456535e-08,0.0,9.787751093496,0.0,0.0,-0.0007730082106638807,0.0,0.0,0.0,-103.3782574036,305.5743544584,0.49024430842495803,32697.779704827703,232.35100783333334,0.0,0.0,0.0,0.0,0.0,0.0,0.338308129,103.37819865397081
10.7,0.0,0.0813476739312,104.35363707335999,8585.724305784,4.537856055185257e-08,0.0,9.787782951192,0.0,0.0,-0.000780301575088822,0.0,0.0,0.0,-104.35363706320001,305.6186251344,0.490840086338566,32747.017062716128,232.41833722222222,0.0,0.0,0.0,0.0,0.0,0.0,0.341450619,104.35357840753161
10.8,0.0,0.08287612766880001,105.32901996384001,8575.240173336,4.677482395344803e-08,0.0,9.787815107592001,0.0,0.0,-0.0007875949744203485,0.0,0.0,0.0,-105.329019974,305.6633005848,0.49144204879799,32796.73847565876,232.4862922777778,0.0,0.0,0.0,0.0,0.0,0.0,0.344591753,105.3289613506452
10.9,0.0,0.0844188103848,106.30440608520001,8564.65850184,4.799655442984406e-08,0.0,9.787847562696001,0.0,0.0,-0.00079488840865846,0.0,0.0,0.0,-106.30440608520001,305.7083881248,0.49204916504559404,32846.94621796791,232.55488433333335,0.0,0.0,0.0,0.0,0.0,0.0,0.34773151,106.304347534756
11.0,0.0,0.0859757220792,107.27979543744,8553.979291296,4.939281783143953e-08,0.0,9.787880319552,0.0,0.0,-0.0008021818428965715,0.0,0.0,0.0,-107.27979544760001,305.7538828776,0.492661950460196,32897.639868297294,232.62410583333335,0.0,0.0,0.0,0.0,0.0,0.0,0.350869885,107.279736959864
11.1,0.0,0.0875468633616,108.25518805104001,8543.202541704,5.061454830783556e-08,0.0,9.787913375112,0.0,0.0,-0.000809475312041268,0.0,0.0,0.0,-108.2551880612,305.7997869768,0.49328040504179604,32948.82307512264,232.69396055555558,0.0,0.0,0.0,0.0,0.0,0.0,0.354006864,108.2551296774136
11.2,0.0,0.08913223392720002,109.23058398696001,8532.328253064,5.201081170943102e-08,0.0,9.787946729376,0.0,0.0,-0.0008167688160925495,0.0,0.0,0.0,-109.23058397680002,305.84610011760003,0.493904013411576,33000.4940716624,232.76444855555556,0.0,0.0,0.0,0.0,0.0,0.0,0.357142433,109.23052573884921
11.3,0.0,0.0907318340808,110.20598327568,8521.356425376,5.340707511102648e-08,0.0,9.787980382344,0.0,0.0,-0.0008240623375971235,0.0,0.0,0.0,-110.2059832452,305.8928219952,0.49453380632717203,33052.65353302821,232.83556977777778,0.0,0.0,0.0,0.0,0.0,0.0,0.360276583,110.20592514417079
11.4,0.0,0.09234566351760001,111.1813859172,8510.28705864,5.497787143782138e-08,0.0,9.788014337064,0.0,0.0,-0.0008313558765549901,0.0,0.0,0.0,-111.18138591720002,305.93995047600004,0.49516875303094804,33105.30404954211,232.9073203888889,0.0,0.0,0.0,0.0,0.0,0.0,0.363409303,111.18132794482281
11.5,0.0,0.09397372315199999,112.15679194200001,8499.120149808,5.6374134839416846e-08,0.0,9.788048590488001,0.0,0.0,-0.0008386494504194418,0.0,0.0,0.0,-112.156791942,305.9874873888,0.495811945795812,33158.600671846725,232.97970427777778,0.0,0.0,0.0,0.0,0.0,0.0,0.366540581,112.1567341922496
11.6,0.0,0.0956160123744,113.13220141104,8487.855698880001,5.794493116621174e-08,0.0,9.788083145664,0.0,0.0,-0.0008459430417371859,0.0,0.0,0.0,-113.13220142120001,306.03543273360003,0.496488122805028,33214.24409716499,233.0527213888889,0.0,0.0,0.0,0.0,0.0,0.0,0.369670403,113.1321438350068
11.7,0.0,0.09727253148960001,114.10761432432001,8476.493708904,5.9341194567807204e-08,0.0,9.788117996496,0.0,0.0,-0.000853236667961515,0.0,0.0,0.0,-114.107614304,306.08378376720003,0.49717048436006006,33270.39904644205,233.12636794444444,0.0,0.0,0.0,0.0,0.0,0.0,0.372798762,114.10755692453881
11.8,0.0,0.0989432811072,115.08303071232001,8465.034176832,6.09119908946021e-08,0.0,9.788153149080001,0.0,0.0,-0.0008605303290924293,0.0,0.0,0.0,-115.083030692,306.132542928,0.49785903046090807,33327.06435618759,233.20064772222221,0.0,0.0,0.0,0.0,0.0,0.0,0.375925644,115.0829735637344
11.9,0.0,0.10062826061760001,116.05845063600002,8453.477102664001,6.2482787221397e-08,0.0,9.788188603416,0.0,0.0,-0.0008678239902233435,0.0,0.0,0.0,-116.058450636,306.18170960640003,0.498552730349936,33384.24078290973,233.2755607777778,0.0,0.0,0.0,0.0,0.0,0.0,0.379051036,116.0583937525936
12.0,0.0,0.1023274709352,117.03387409536,8441.8224864,6.40535835481919e-08,0.0,9.788224353408001,0.0,0.0,-0.0008751177037141353,0.0,0.0,0.0,-117.03387408520001,306.23128410720005,0.49925261478478006,33441.93152022172,233.351107,0.0,0.0,0.0,0.0,0.0,0.0,0.382174928,117.03381743967199
12.1,0.0,0.10404091145040001,118.00930112088001,8430.070328040001,6.562437987498679e-08,0.0,9.788260405152,0.0,0.0,-0.0008824114172049271,0.0,0.0,0.0,-118.00930114120001,306.2812633824,0.499958168386622,33500.136783584734,233.42728272222226,0.0,0.0,0.0,0.0,0.0,0.0,0.38529731,118.00924477930279
12.2,0.0,0.1057685827728,118.98473174304,8418.220624536001,6.736970912698112e-08,0.0,9.788296758648,0.0,0.0,-0.0008897051830555965,0.0,0.0,0.0,-118.9847317532,306.33165261360006,0.50066990653428,33558.8560032237,233.50409544444446,0.0,0.0,0.0,0.0,0.0,0.0,0.388418166,118.98467572004161
12.3,0.0,0.1075104845976,119.9601660228,8406.273378936,6.894050545377602e-08,0.0,9.7883334078,0.0,0.0,-0.0008969989663595583,0.0,0.0,0.0,-119.96016602280001,306.3824460096,0.501387313848936,33618.08884397679,233.58153761111112,0.0,0.0,0.0,0.0,0.0,0.0,0.391537491,119.9601103133328
12.4,0.0,0.1092666175344,120.93560396016001,8394.22859124,7.068583470577035e-08,0.0,9.788370358704002,0.0,0.0,-0.0009042927671168128,0.0,0.0,0.0,-120.93560395,306.4336438752,0.50211039033059,33677.83853776148,233.65960922222223,0.0,0.0,0.0,0.0,0.0,0.0,0.394655273,120.93554855917641
12.5,0.0,0.11103698158320001,121.91104558560001,8382.0862584,7.243116395776468e-08,0.0,9.78840761136,0.0,0.0,-0.0009115866027806521,0.0,0.0,0.0,-121.91104558560001,306.4852510872,0.50283965135806,33738.104524378774,233.7383178888889,0.0,0.0,0.0,0.0,0.0,0.0,0.397771494,121.9109905604612
12.6,0.0,0.11282157674400001,122.88649096008,8369.846383464,7.4176493209759e-08,0.0,9.788445159672001,0.0,0.0,-0.0009188804733510766,0.0,0.0,0.0,-122.88649092960001,306.5372618544,0.503574581552528,33798.88649739498,233.81765594444445,0.0,0.0,0.0,0.0,0.0,0.0,0.40088615,122.8864363171872
12.7,0.0,0.11462040332159999,123.86194005312,8357.508960336,7.592182246175333e-08,0.0,9.788483009736002,0.0,0.0,-0.0009261743613747936,0.0,0.0,0.0,-123.8619400328,306.58967892000004,0.504315696292812,33860.19070518391,233.8976272777778,0.0,0.0,0.0,0.0,0.0,0.0,0.403999226,123.86188582935439
12.8,0.0,0.116433461316,124.83739295616,8345.073995112,7.766715171374766e-08,0.0,9.788521158504,0.0,0.0,-0.0009334682843050956,0.0,0.0,0.0,-124.837392946,306.6425019792,0.505062480200094,33922.0106120902,233.97823183333335,0.0,0.0,0.0,0.0,0.0,0.0,0.407110712,124.83733909696281
12.9,0.0,0.1182607507272,125.81284963872,8332.541481696,7.958701389094143e-08,0.0,9.788559609024,0.0,0.0,-0.0009407622421419826,0.0,0.0,0.0,-125.81284966920002,306.6957285936,0.505814933274374,33984.35137002973,234.0594657777778,0.0,0.0,0.0,0.0,0.0,0.0,0.410220598,125.8127962743456
13.0,0.0,0.12010227186000001,126.78831019224002,8319.911423136002,8.150687606813519e-08,0.0,9.788598358248,0.0,0.0,-0.0009480562174321622,0.0,0.0,0.0,-126.78831020240001,306.749360592,0.50657357089447,34047.21190169668,234.141333,0.0,0.0,0.0,0.0,0.0,0.0,0.413328872,126.78825725861401
13.1,0.0,0.12195802501920001,127.76377461672001,8307.183819432,8.342673824532896e-08,0.0,9.788637406175999,0.0,0.0,-0.0009553502276289269,0.0,0.0,0.0,-127.76377459640001,306.80339766960003,0.507337877681564,34110.59548688877,234.22383344444447,0.0,0.0,0.0,0.0,0.0,0.0,0.416435521,127.7637221526568
13.2,0.0,0.12382801020480001,128.73924294264,8294.358670584,8.534660042252271e-08,0.0,9.788676755856,0.0,0.0,-0.000962644255278984,0.0,0.0,0.0,-128.7392429528,306.8578401312,0.508107853635656,34174.502963510546,234.30696716666668,0.0,0.0,0.0,0.0,0.0,0.0,0.419540535,128.739190956474
13.3,0.0,0.1257122277216,129.71471517,8281.435970496,8.726646259971648e-08,0.0,9.78871640424,0.0,0.0,-0.0009699383178356262,0.0,0.0,0.0,-129.71471517,306.9126849288,0.5088840141355641,34238.929701540954,234.3907302777778,0.0,0.0,0.0,0.0,0.0,0.0,0.422643906,129.7146637729544
13.4,0.0,0.12761067726480002,130.69019139024002,8268.415725264,8.918632477691024e-08,0.0,9.788756351328,0.0,0.0,-0.0009772324152988534,0.0,0.0,0.0,-130.6901914004,306.9679348056,0.50966584380247,34303.88200681011,234.47512666666668,0.0,0.0,0.0,0.0,0.0,0.0,0.42574562,130.6901404992092
13.5,0.0,0.12952335913920002,131.66567160336,8255.29793184,9.128071987930343e-08,0.0,9.788796600168,0.0,0.0,-0.0009845265476686657,0.0,0.0,0.0,-131.6656715932,307.0235888472,0.510453342636374,34369.36074116268,234.5601562777778,0.0,0.0,0.0,0.0,0.0,0.0,0.428845666,131.66562128957162
13.6,0.0,0.1314502739544,132.64115583984002,8242.082593272,9.32005820564972e-08,0.0,9.788837147712,0.0,0.0,-0.0009918206974917703,0.0,0.0,0.0,-132.64115585,307.0796470536,0.5112470260160941,34435.364305398,234.6458191111111,0.0,0.0,0.0,0.0,0.0,0.0,0.431944032,132.64110609259723
13.7,0.0,0.1333914214056,133.61664409968,8228.769700416,9.52949771588904e-08,0.0,9.788877993960002,0.0,0.0,-0.0009991148822214601,0.0,0.0,0.0,-133.61664412000002,307.1361094248,0.512046378562812,34501.89601283,234.7321151666667,0.0,0.0,0.0,0.0,0.0,0.0,0.435040709,133.6165949597304
13.8,0.0,0.1353468014928,134.59213647432,8215.359262416,9.738937226128359e-08,0.0,9.788919141960001,0.0,0.0,-0.0010064091018577351,0.0,0.0,0.0,-134.592136454,307.1929732176,0.5128519156553459,34568.95372321111,234.8190406666667,0.0,0.0,0.0,0.0,0.0,0.0,0.438135688,134.59208794241562
13.9,0.0,0.1373164148256,135.56763293328,8201.851273176,9.965830028887623e-08,0.0,9.788960588664,0.0,0.0,-0.0010137033389473024,0.0,0.0,0.0,-135.5676329536,307.25024056560005,0.5136626065360601,34636.53887294909,234.90659944444445,0.0,0.0,0.0,0.0,0.0,0.0,0.441228955,135.5675850920972
14.0,0.0,0.139300261404,136.543133568,8188.245735744001,1.0175269539126942e-07,0.0,9.789002334072,0.0,0.0,-0.0010209976283967474,0.0,0.0,0.0,-136.543133568,307.307911164,0.514479997341408,34704.65479929798,234.9947913888889,0.0,0.0,0.0,0.0,0.0,0.0,0.444320499,136.54308635733082
14.1,0.0,0.141298341228,137.518638348,8174.542647072,1.0402162341886204e-07,0.0,9.789044381232001,0.0,0.0,-0.001028291935299485,0.0,0.0,0.0,-137.518638348,307.36598257440005,0.5153025419349361,34773.29937637431,235.08361283333332,0.0,0.0,0.0,0.0,0.0,0.0,0.447410314,137.5185918410052
14.2,0.0,0.1433106546024,138.49414733424,8160.742007160001,1.0611601852125524e-07,0.0,9.789086727096,0.0,0.0,-0.0010355862771088075,0.0,0.0,0.0,-138.4941473444,307.4244569304,0.51613127107428,34842.47652078324,235.17306750000003,0.0,0.0,0.0,0.0,0.0,0.0,0.450498385,138.49410154312042
14.3,0.0,0.1453372015272,139.4696605572,8146.843819056,1.0838494654884787e-07,0.0,9.789129374712001,0.0,0.0,-0.001042880653824715,0.0,0.0,0.0,-139.4696605572,307.4833339272,0.51696618475944,34912.187137461675,235.2631553888889,0.0,0.0,0.0,0.0,0.0,0.0,0.453584702,139.4696154636764
14.4,0.0,0.147377982612,140.44517801688002,8132.8480766640005,1.106538745764405e-07,0.0,9.789172317983999,0.0,0.0,-0.001050175047993915,0.0,0.0,0.0,-140.4451780372,307.5426135648,0.51780625223278,34982.42720446786,235.3538765,0.0,0.0,0.0,0.0,0.0,0.0,0.456669252,140.445133705562
14.5,0.0,0.1494329972472,141.42069980472002,8118.754783032,1.1309733552923255e-07,0.0,9.789215566056,0.0,0.0,-0.0010574694770697,0.0,0.0,0.0,-141.42069978440003,307.60229523360005,0.5186525042519361,35053.202572769434,235.4452308888889,0.0,0.0,0.0,0.0,0.0,0.0,0.459752027,141.4206562687772
14.6,0.0,0.1515022460424,142.39622589024,8104.563935112,1.1536626355682518e-07,0.0,9.789259109784002,0.0,0.0,-0.0010647639585053628,0.0,0.0,0.0,-142.39622590040003,307.6623764952,0.5195049408169081,35124.513591892304,235.53721466666667,0.0,0.0,0.0,0.0,0.0,0.0,0.462833019,142.396183153322
14.7,0.0,0.1535857293024,143.37175630392002,8090.275535952001,1.1780972450961724e-07,0.0,9.789302955263999,0.0,0.0,-0.0010720584573943178,0.0,0.0,0.0,-143.3717563344,307.72285917840003,0.520363046548878,35196.35929465522,235.62983172222224,0.0,0.0,0.0,0.0,0.0,0.0,0.465912214,143.3717144106408
14.8,0.0,0.1556834467224,144.34729113720002,8075.889585552,1.202531854624093e-07,0.0,9.789347102496,0.0,0.0,-0.0010793529911898583,0.0,0.0,0.0,-144.34729113720002,307.78374389280003,0.5212268214478459,35268.74308055659,235.72308194444446,0.0,0.0,0.0,0.0,0.0,0.0,0.468989601,144.3472500407336
14.9,0.0,0.157795398912,145.3228303596,8061.406077816,1.2269664641520135e-07,0.0,9.789391545384001,0.0,0.0,-0.0010866475598919835,0.0,0.0,0.0,-145.3228303596,307.84502941920005,0.52209678089263,35341.66342221614,235.8169655,0.0,0.0,0.0,0.0,0.0,0.0,0.472065169,145.3227901464892
15.0,0.0,0.1599215858712,146.29837403208,8046.825018840001,1.2514010736799342e-07,0.0,9.789436293071999,0.0,0.0,-0.001093942146047401,0.0,0.0,0.0,-146.29837400160002,307.9067139288,0.5229718941255941,35415.12069788791,235.91147844444447,0.0,0.0,0.0,0.0,0.0,0.0,0.475138913,146.2983347279076
15.1,0.0,0.1620620079048,147.27392215464002,8032.146402528,1.2775810124598493e-07,0.0,9.789481336416,0.0,0.0,-0.0011012367845626965,0.0,0.0,0.0,-147.2739221648,307.96879894560004,0.523853707283192,35489.11889599749,236.0066246111111,0.0,0.0,0.0,0.0,0.0,0.0,0.478210818,147.2738837849888
15.2,0.0,0.164216664708,148.24947478824,8017.370234976001,1.3020156219877697e-07,0.0,9.789526681512001,0.0,0.0,-0.001108531457984577,0.0,0.0,0.0,-148.2494747984,308.0312847744,0.52474067422897,35563.65898851412,236.102404,0.0,0.0,0.0,0.0,0.0,0.0,0.481280873,148.2494373177328
15.3,0.0,0.16638555689040002,149.22503193288003,8002.496507040001,1.3281955607676847e-07,0.0,9.789572325312,0.0,0.0,-0.00111582614885975,0.0,0.0,0.0,-149.22503195320002,308.0941708056,0.525633825720564,35638.736991800266,236.1988166666667,0.0,0.0,0.0,0.0,0.0,0.0,0.484349069,149.2249954804728
15.4,0.0,0.16856868445200002,150.20059368000003,7987.525227864001,1.3543754995475998e-07,0.0,9.789618270864,0.0,0.0,-0.0011231208920948004,0.0,0.0,0.0,-150.20059368,308.1574716696,0.52656769213878,35716.707345770876,236.29588544444445,0.0,0.0,0.0,0.0,0.0,0.0,0.48741537,150.20055817032002
15.5,0.0,0.1707660476976,151.17615996864,7972.456388304,1.3805554383275148e-07,0.0,9.78966451512,0.0,0.0,-0.0011304156527831431,0.0,0.0,0.0,-151.1761599788,308.2211751744,0.527513927648628,35795.708121218944,236.39359133333332,0.0,0.0,0.0,0.0,0.0,0.0,0.490479787,151.1761254901632
15.6,0.0,0.17297764662720003,152.15173089024,7957.289994456,1.4084807063594242e-07,0.0,9.78971105808,0.0,0.0,-0.0011377104483780713,0.0,0.0,0.0,-152.15173090040003,308.2852779672,0.52846686308311,35875.27689539126,236.4919303888889,0.0,0.0,0.0,0.0,0.0,0.0,0.493542313,152.1516974400024
15.7,0.0,0.1752034812408,153.12730647528,7942.026043272,1.4346606451393387e-07,0.0,9.789757902792,0.0,0.0,-0.0011450052963328768,0.0,0.0,0.0,-153.1273064956,308.3497803528,0.529425983063408,35955.40975168265,236.59090272222224,0.0,0.0,0.0,0.0,0.0,0.0,0.496602938,153.12727407128202
15.8,0.0,0.17744355214800003,154.10288672376,7926.664534752001,1.462585913171248e-07,0.0,9.789805049256,0.0,0.0,-0.001152300161740975,0.0,0.0,0.0,-154.10288671360001,308.41467897840005,0.5303907722107041,36036.10963472904,236.69050444444446,0.0,0.0,0.0,0.0,0.0,0.0,0.499661655,154.1028554354464
15.9,0.0,0.1796978593488,155.07847169664,7911.205465848,1.4905111812031574e-07,0.0,9.789852491376001,0.0,0.0,-0.0011595950795089504,0.0,0.0,0.0,-155.0784717068,308.47997933040006,0.531361745903816,36117.37875659838,236.79074327777778,0.0,0.0,0.0,0.0,0.0,0.0,0.502718446,155.0784414810512
16.0,0.0,0.1819664028432,156.05406139392002,7895.648839608,1.5184364492350665e-07,0.0,9.789900235248002,0.0,0.0,-0.0011668900147302189,0.0,0.0,0.0,-156.0540613736,308.5456756176,0.532338904142744,36199.21701195412,236.8916115,0.0,0.0,0.0,0.0,0.0,0.0,0.50577331,156.0540323109852
16.1,0.0,0.1842491832408,157.02965584608003,7879.994652984001,1.5481070465189702e-07,0.0,9.789948280872,0.0,0.0,-0.0011741850023113645,0.0,0.0,0.0,-157.0296558664,308.6117699736,0.5333222469274881,36281.62356767974,236.99311294444445,0.0,0.0,0.0,0.0,0.0,0.0,0.508826232,157.02962792524838
16.2,0.0,0.18654620023680002,158.00525511408003,7864.242909024,1.5760323145508796e-07,0.0,9.7899966252,0.0,0.0,-0.001181480007345803,0.0,0.0,0.0,-158.00525513440002,308.6782627032,0.534311774258048,36364.604456687885,237.09524766666667,0.0,0.0,0.0,0.0,0.0,0.0,0.511877202,158.0052283752852
16.3,0.0,0.18885745413600002,158.98085919791998,7848.393601632,1.605702911834783e-07,0.0,9.790045268232001,0.0,0.0,-0.0011887750647401186,0.0,0.0,0.0,-158.9808592284,308.745152892,0.535307486134424,36448.155795889536,237.19801561111112,0.0,0.0,0.0,0.0,0.0,0.0,0.51492621,158.98083371254
16.4,0.0,0.19118294493840002,159.95646815856003,7832.446736904,1.6353735091186868e-07,0.0,9.790094213016001,0.0,0.0,-0.001196070139587727,0.0,0.0,0.0,-159.9564681484,308.8124384064,0.536309382556616,36532.28304842226,237.30141294444445,0.0,0.0,0.0,0.0,0.0,0.0,0.51797325,159.9564438855684
16.5,0.0,0.1935226732536,160.932081996,7816.402308744,1.6667894356545848e-07,0.0,9.790143456504001,0.0,0.0,-0.001203365266795213,0.0,0.0,0.0,-160.932081996,308.8801238184,0.5373169481458061,36616.9835090514,237.4054473888889,0.0,0.0,0.0,0.0,0.0,0.0,0.521018304,160.93205894581482
16.6,0.0,0.19587663938640001,161.90770074072,7800.2603202,1.6964600329384883e-07,0.0,9.790193001744,0.0,0.0,-0.0012106604289092839,0.0,0.0,0.0,-161.90770072040002,308.9482036416,0.5383312136596301,36702.259590942034,237.51011122222224,0.0,0.0,0.0,0.0,0.0,0.0,0.524061371,161.907678996168
16.7,0.0,0.19824484272720003,162.88332445368002,7784.020768224001,1.7278759594743863e-07,0.0,9.790242845688,0.0,0.0,-0.0012179556259299398,0.0,0.0,0.0,-162.8833244232,309.0166800096,0.539351148340452,36788.112979479265,237.61540833333336,0.0,0.0,0.0,0.0,0.0,0.0,0.527102437,162.8833039851836
16.8,0.0,0.20062728419040002,163.8589531044,7767.683652816,1.7627825445142727e-07,0.0,9.790292988336,0.0,0.0,-0.001225250857857181,0.0,0.0,0.0,-163.8589531044,309.0855532272,0.5403777829459081,36874.544795061156,237.72133866666667,0.0,0.0,0.0,0.0,0.0,0.0,0.530141491,163.8589340157504
16.9,0.0,0.20302396347120003,164.83458678432,7751.248977024,1.7976891295541595e-07,0.0,9.790343432736002,0.0,0.0,-0.0012325461421442993,0.0,0.0,0.0,-164.83458681480002,309.1548199416,0.541410086718362,36961.553069809066,237.8278983888889,0.0,0.0,0.0,0.0,0.0,0.0,0.533178528,164.834569036424
17.0,0.0,0.2054348808744,165.81022552392002,7734.7167378,1.8151424220741028e-07,0.0,9.79039417584,0.0,0.0,-0.0012398414438847107,0.0,0.0,0.0,-165.8102255036,309.22448502960003,0.542448575036632,37049.1450910984,237.93509522222223,0.0,0.0,0.0,0.0,0.0,0.0,0.53621353,165.8102091500932
17.1,0.0,0.2078600370096,166.78586929272,7718.086932096,1.8500490071139893e-07,0.0,9.790445220696,0.0,0.0,-0.001247136797984999,0.0,0.0,0.0,-166.7858692724,309.2945436144,0.543493247900718,37137.31582671395,238.04292144444446,0.0,0.0,0.0,0.0,0.0,0.0,0.539246496,166.78585435675802
17.2,0.0,0.210299431572,167.76151818216002,7701.35956296,1.884955592153876e-07,0.0,9.790496564256,0.0,0.0,-0.0012544321695385804,0.0,0.0,0.0,-167.761518172,309.36499996320003,0.54454410531062,37226.07009340978,238.15138472222222,0.0,0.0,0.0,0.0,0.0,0.0,0.542277407,167.7615047078628
17.3,0.0,0.21275306486640003,168.73717219224002,7684.534627344001,1.9198621771937624e-07,0.0,9.790548209568,0.0,0.0,-0.001261727593452039,0.0,0.0,0.0,-168.7371722024,309.4358488944,0.545601147266338,37315.41034744315,238.26047744444446,0.0,0.0,0.0,0.0,0.0,0.0,0.545306262,168.7371601519632
17.4,0.0,0.2152209371976,169.71283132296,7667.612128296,1.954768762233649e-07,0.0,9.790600153584,0.0,0.0,-0.0012690230697253754,0.0,0.0,0.0,-169.7128313128,309.507090408,0.5466638583890541,37405.33273924125,238.3701996111111,0.0,0.0,0.0,0.0,0.0,0.0,0.548333053,169.71282079194802
17.5,0.0,0.21770304856560002,170.68849569624,7650.592062768001,1.9896753472735356e-07,0.0,9.790652399352,0.0,0.0,-0.001276318563452004,0.0,0.0,0.0,-170.6884957064,309.578729076,0.547733269436404,37495.84211907431,238.4805587777778,0.0,0.0,0.0,0.0,0.0,0.0,0.55135776,170.68848667926162
17.6,0.0,0.22019939927520002,171.66416525112,7633.474427712,2.0245819323134223e-07,0.0,9.790704943824,0.0,0.0,-0.0012836141095385106,0.0,0.0,0.0,-171.66416523080002,309.65076185040004,0.548808349650752,37586.936562155934,238.59155122222222,0.0,0.0,0.0,0.0,0.0,0.0,0.554380378,171.664157813904
17.7,0.0,0.2227099896312,172.63984004856002,7616.259229224001,2.059488517353309e-07,0.0,9.790757787000002,0.0,0.0,-0.0012909096730783095,0.0,0.0,0.0,-172.63984003840002,309.72318659760003,0.5498896144109161,37678.6216321722,238.70317305555557,0.0,0.0,0.0,0.0,0.0,0.0,0.557400903,172.6398341958752
17.8,0.0,0.2252348196336,173.61552011904,7598.946461208,2.0943951023931955e-07,0.0,9.790810931928,0.0,0.0,-0.0012982053064312785,0.0,0.0,0.0,-173.6155201292,309.7960048416,0.550977579095714,37770.89661091923,238.81542816666666,0.0,0.0,0.0,0.0,0.0,0.0,0.56041932,173.6155158766196
17.9,0.0,0.2277738895872,174.59120552352,7581.536123664,2.129301687433082e-07,0.0,9.79086437556,0.0,0.0,-0.00130550095723754,0.0,0.0,0.0,-174.59120550320003,309.86921658240004,0.55207121294751,37863.76018168991,238.9283165,0.0,0.0,0.0,0.0,0.0,0.0,0.56343562,174.59120285613722
18.0,0.0,0.230327199492,175.56689623152002,7564.02821964,2.1642082724729686e-07,0.0,9.790918120944001,0.0,0.0,-0.001312796660403679,0.0,0.0,0.0,-175.56689621120003,309.9428215152,0.553171031345122,37957.216036052196,239.04183805555556,0.0,0.0,0.0,0.0,0.0,0.0,0.566449793,175.5668952373168
18.1,0.0,0.23289474965280002,176.542592304,7546.422746088,2.199114857512855e-07,0.0,9.790972165031999,0.0,0.0,-0.001320092398476403,0.0,0.0,0.0,-176.542592304,310.01681964,0.55427703428855,38051.26787993813,239.1559928888889,0.0,0.0,0.0,0.0,0.0,0.0,0.569461832,176.5425930201584
18.2,0.0,0.2354765406792,177.51829380192004,7528.71969996,2.2340214425527418e-07,0.0,9.791026510872,0.0,0.0,-0.0013273881714557121,0.0,0.0,0.0,-177.51829378160002,310.0912103472,0.5553887063989761,38145.91191644318,239.27078094444445,0.0,0.0,0.0,0.0,0.0,0.0,0.572471725,177.51829620466202
18.3,0.0,0.23807257196160003,178.4940006948,7510.919087352,2.2689280275926283e-07,0.0,9.791081155416002,0.0,0.0,-0.001334683996794899,0.0,0.0,0.0,-178.4940006948,310.1659908936,0.556507078434036,38241.15123863208,239.38619844444446,0.0,0.0,0.0,0.0,0.0,0.0,0.575479468,178.49400484227198
18.4,0.0,0.2406828444144,179.46971304360002,7493.020899120001,2.3038346126325152e-07,0.0,9.791136101712,0.0,0.0,-0.0013419798570406707,0.0,0.0,0.0,-179.4697130436,310.2411734712,0.5576512194099961,38338.35300984369,239.5022643888889,0.0,0.0,0.0,0.0,0.0,0.0,0.578485029,179.4697189844328
18.5,0.0,0.24330735773280002,180.4454308788,7475.025144408,2.3561944901923448e-07,0.0,9.791191346712,0.0,0.0,-0.0013492757521930275,0.0,0.0,0.0,-180.4454308788,310.3167629568,0.55883298303967,38438.31268876057,239.61898650000003,0.0,0.0,0.0,0.0,0.0,0.0,0.58148839,180.4454386311444
18.6,0.0,0.2459461125264,181.42115423088,7456.931814072001,2.3911010752322315e-07,0.0,9.791246893464,0.0,0.0,-0.0013565716997052616,0.0,0.0,0.0,-181.42115425120002,310.39274106240003,0.56002093121516,38538.89239787914,239.7363380555556,0.0,0.0,0.0,0.0,0.0,0.0,0.584489574,181.4211638338512
18.7,0.0,0.2485991087952,182.39688313032,7438.740911160001,2.426007660272118e-07,0.0,9.79130273892,0.0,0.0,-0.0013638676821240811,0.0,0.0,0.0,-182.39688316080003,310.4691132744,0.561215063936466,38640.09464612497,239.85432661111113,0.0,0.0,0.0,0.0,0.0,0.0,0.587488561,182.3968945925532
18.8,0.0,0.251266346844,183.3726176076,7420.452435672,2.460914245312005e-07,0.0,9.791358886128,0.0,0.0,-0.0013711636994494854,0.0,0.0,0.0,-183.3726176076,310.5458738016,0.562415896582406,38741.92454710972,239.97294466666668,0.0,0.0,0.0,0.0,0.0,0.0,0.590485353,183.3726309586948
18.9,0.0,0.2539478266728,184.3483576932,7402.066387608,2.495820830351891e-07,0.0,9.791415332040001,0.0,0.0,-0.0013784597691347677,0.0,0.0,0.0,-184.3483576932,310.62302477760005,0.56362342915298,38844.37647490295,240.0921958888889,0.0,0.0,0.0,0.0,0.0,0.0,0.593479935,184.348372932276
19.0,0.0,0.25664354858640004,185.32410338712,7383.582763920001,2.548180707911721e-07,0.0,9.791472079704002,0.0,0.0,-0.0013857558737266347,0.0,0.0,0.0,-185.3241034176,310.7005662024,0.56483714626937,38947.45677842701,240.2120803888889,0.0,0.0,0.0,0.0,0.0,0.0,0.596472299,185.3241205647412
19.1,0.0,0.2593535128896,186.29985475032,7365.001567656001,2.583087292951608e-07,0.0,9.791529126072,0.0,0.0,-0.001393052030678379,0.0,0.0,0.0,-186.29985478080002,310.778498076,0.5660570479315761,39051.16677438902,240.3325981111111,0.0,0.0,0.0,0.0,0.0,0.0,0.599462435,186.29987390753482
19.2,0.0,0.2620777195824,187.27561181328002,7346.322795768,2.6179938779914946e-07,0.0,9.791586471143999,0.0,0.0,-0.0014003482225367087,0.0,0.0,0.0,-187.2756118336,310.856819484,0.567283649518416,39155.50528493461,240.4537491111111,0.0,0.0,0.0,0.0,0.0,0.0,0.602450336,187.2756330121012
19.3,0.0,0.26481616896960003,188.25137460648,7327.5464452080005,2.670353755551324e-07,0.0,9.791644117968001,0.0,0.0,-0.0014076444493016232,0.0,0.0,0.0,-188.25137462680001,310.9355301216,0.568516435651072,39260.47616442462,240.5755332777778,0.0,0.0,0.0,0.0,0.0,0.0,0.605435991,188.251397826996
19.4,0.0,0.267568861356,189.2271431604,7308.672519024,2.705260340591211e-07,0.0,9.791702066544,0.0,0.0,-0.0014149407284264157,0.0,0.0,0.0,-189.2271431604,311.0146278552,0.569755406329544,39366.077607773295,240.69794694444445,0.0,0.0,0.0,0.0,0.0,0.0,0.608419397,189.227168455108
19.5,0.0,0.27033579704640004,190.20291747504,7289.701017216,2.757620218151041e-07,0.0,9.791760313824001,0.0,0.0,-0.0014222370599110854,0.0,0.0,0.0,-190.2029174852,311.09411695200004,0.57100107693265,39472.3122148787,240.82099761111112,0.0,0.0,0.0,0.0,0.0,0.0,0.611400535,190.20294484499283
19.6,0.0,0.2731169760408,191.17869761136,7270.631936736001,2.792526803190927e-07,0.0,9.791818862856001,0.0,0.0,-0.0014295334263023402,0.0,0.0,0.0,-191.1786976012,311.173994364,0.57225344746039,39579.18324638646,240.94468155555558,0.0,0.0,0.0,0.0,0.0,0.0,0.614379402,191.1787270995392
19.7,0.0,0.2759123983392,192.15448356936,7251.465277584,2.827433388230814e-07,0.0,9.791877710592,0.0,0.0,-0.00143682982760018,0.0,0.0,0.0,-192.1544835592,311.25425795760003,0.5735120025339461,39686.69143486456,241.0689948888889,0.0,0.0,0.0,0.0,0.0,0.0,0.617355994,192.1545152187472
19.8,0.0,0.27872206485600004,193.13027544048,7232.201039760001,2.879793265790644e-07,0.0,9.79193686008,0.0,0.0,-0.0014441262812578974,0.0,0.0,0.0,-193.13027541000002,311.334910476,0.5747767421533181,39794.836574427856,241.1939433888889,0.0,0.0,0.0,0.0,0.0,0.0,0.620330294,193.1303093055056
19.9,0.0,0.28154597498160006,194.10607319424,7212.839220216,2.91469985083053e-07,0.0,9.791996308272001,0.0,0.0,-0.0014514227872754924,0.0,0.0,0.0,-194.10607320440002,311.4159497856,0.576048181697324,39903.621935298055,241.31952322222222,0.0,0.0,0.0,0.0,0.0,0.0,0.623302299,194.1061092569256
20.0,0.0,0.2843841296304,195.08187686112,7193.379825048,2.96705972839036e-07,0.0,9.792056058216,0.0,0.0,-0.0014587193281996725,0.0,0.0,0.0,-195.0818768408,311.49737619120003,0.5773258057871461,40013.0466939347,241.44573633333334,0.0,0.0,0.0,0.0,0.0,0.0,0.626271998,195.081915175896
20.1,0.0,0.2872365284976,196.05768650208,7173.822845112,3.01941960595019e-07,0.0,9.792116106864,0.0,0.0,-0.00146601592148373,0.0,0.0,0.0,-196.05768652240002,311.57919121680004,0.578609614422784,40123.11255487501,241.57258455555555,0.0,0.0,0.0,0.0,0.0,0.0,0.62923938,196.0577271138612
20.2,0.0,0.290103171888,197.0335021476,7154.168286504,3.0543261909900764e-07,0.0,9.792176457264,0.0,0.0,-0.0014733125496743725,0.0,0.0,0.0,-197.03350214760002,311.66139150960004,0.579900638361874,40233.822821856855,241.70006411111112,0.0,0.0,0.0,0.0,0.0,0.0,0.632204441,197.03354507082122
20.3,0.0,0.2929840604112,198.00932379768,7134.416146176,3.1066860685499065e-07,0.0,9.792237106368,0.0,0.0,-0.0014806092302248929,0.0,0.0,0.0,-198.009323818,311.7439773744,0.581197331467962,40345.178897771824,241.828175,0.0,0.0,0.0,0.0,0.0,0.0,0.635167172,198.009369046776
20.4,0.0,0.29587919406720004,198.98515151328002,7114.5664210800005,3.141592653589793e-07,0.0,9.792298057224002,0.0,0.0,-0.0014879059456819979,0.0,0.0,0.0,-198.9851515336,311.8269503352,0.5825007244986841,40457.18029902929,241.956921,0.0,0.0,0.0,0.0,0.0,0.0,0.638127562,198.9851991446144
20.5,0.0,0.298788572856,199.96098529440002,7094.619114264001,3.1939525311496233e-07,0.0,9.792359306784002,0.0,0.0,-0.0014952027134989808,0.0,0.0,0.0,-199.96098529440002,311.9103079536,0.583810302075222,40569.83034373121,242.0862983888889,0.0,0.0,0.0,0.0,0.0,0.0,0.641085605,199.96103536433642
20.6,0.0,0.3017121970824,200.93682520200002,7074.57422268,3.2463124087094534e-07,0.0,9.792420858096,0.0,0.0,-0.0015024995162225487,0.0,0.0,0.0,-200.93682520200002,311.994052668,0.585126579576394,40683.12856743908,242.2163108888889,0.0,0.0,0.0,0.0,0.0,0.0,0.644041289,200.9368776544976
20.7,0.0,0.30465006735600003,201.91267123608003,7054.431749376,3.2986722862692824e-07,0.0,9.79248271116,0.0,0.0,-0.0015097963887592866,0.0,0.0,0.0,-201.91267125640002,312.0781811256,0.586449041623382,40797.07575538914,242.34695472222222,0.0,0.0,0.0,0.0,0.0,0.0,0.64699461,201.9127261694312
20.8,0.0,0.307602183372,202.8885234576,7034.191688256001,3.3335788713091696e-07,0.0,9.792544862928,0.0,0.0,-0.001517093278749317,0.0,0.0,0.0,-202.88852345760003,312.1626945456,0.5877782035950041,40911.67621201667,242.47823183333333,0.0,0.0,0.0,0.0,0.0,0.0,0.649945558,202.8885809091372
20.9,0.0,0.31056854574000003,203.86438186656,7013.854045416001,3.385938748868999e-07,0.0,9.792607316448,0.0,0.0,-0.0015243902385525174,0.0,0.0,0.0,-203.8643818564,312.24759262320003,0.589113550112442,41026.93139288154,242.61014211111114,0.0,0.0,0.0,0.0,0.0,0.0,0.652894124,203.8644418736156
21.0,0.0,0.31354915446,204.84024652392,6993.418811712,3.438298626428829e-07,0.0,9.792670068672,0.0,0.0,-0.001531687233262303,0.0,0.0,0.0,-204.8402465036,312.3328738344,0.5904746655707801,41144.177956809624,242.74268377777778,0.0,0.0,0.0,0.0,0.0,0.0,0.655840303,204.8403090628664
21.1,0.0,0.31654400983680003,205.81611742968,6972.885996288,3.4906585039886593e-07,0.0,9.792733122648,0.0,0.0,-0.001538984280331966,0.0,0.0,0.0,-205.81611739920004,312.4185403128,0.591882680501556,41264.916835007316,242.8758606111111,0.0,0.0,0.0,0.0,0.0,0.0,0.658784081,205.8161825797784
21.2,0.0,0.31955311217520005,206.79199461432,6952.25559,3.543018381548489e-07,0.0,9.792796475328,0.0,0.0,-0.0015462813797615068,0.0,0.0,0.0,-206.79199459400002,312.5045890104,0.593297395356966,41386.33947203141,243.00966872222224,0.0,0.0,0.0,0.0,0.0,0.0,0.661725455,206.7920624243516
21.3,0.0,0.3225764614752,207.76787813880003,6931.527595896,3.5779249665883756e-07,0.0,9.792860129760001,0.0,0.0,-0.0015535785140976324,0.0,0.0,0.0,-207.7678781388,312.5910214512,0.59471881013701,41508.44519277023,243.14411011111113,0.0,0.0,0.0,0.0,0.0,0.0,0.664664416,207.767948596586
21.4,0.0,0.3256140580416,208.74376800312,6910.702013976,3.6302848441482056e-07,0.0,9.792924082896,0.0,0.0,-0.0015608757007936358,0.0,0.0,0.0,-208.7437679828,312.67783672080003,0.596146924841688,41631.23553896813,243.27918472222223,0.0,0.0,0.0,0.0,0.0,0.0,0.667600954,208.74384114792602
21.5,0.0,0.32866590248399996,209.71966423775999,6889.778841192,3.6826447217080357e-07,0.0,9.792988337784001,0.0,0.0,-0.001568172922396224,0.0,0.0,0.0,-209.71966422760002,312.7650348192,0.597581739471,41754.71462832738,243.41489255555555,0.0,0.0,0.0,0.0,0.0,0.0,0.670535062,209.71974012981602
21.6,0.0,0.3317319948024,210.69556690368,6868.758080592,3.7350045992678647e-07,0.0,9.793052894424001,0.0,0.0,-0.0015754702138119823,0.0,0.0,0.0,-210.695566924,312.8526151368,0.599023254024946,41878.88146972663,243.55123366666666,0.0,0.0,0.0,0.0,0.0,0.0,0.673466731,210.69564554225602
21.7,0.0,0.3348123349968,211.67147600088,6847.639729128001,3.787364476827695e-07,0.0,9.793117749768001,0.0,0.0,-0.0015827675401343256,0.0,0.0,0.0,-211.67147597040002,312.94057767360005,0.6004714685035261,42003.73763363835,243.688208,0.0,0.0,0.0,0.0,0.0,0.0,0.676395955,211.6715574366904
21.8,0.0,0.33790692337200007,212.64739155984,6826.423783752,3.839724354387525e-07,0.0,9.793182906864,0.0,0.0,-0.0015900649188165467,0.0,0.0,0.0,-212.64739157000002,313.0289206008,0.60192638290674,42129.28436973732,243.82581366666668,0.0,0.0,0.0,0.0,0.0,0.0,0.679322727,212.6474758645636
21.9,0.0,0.3410157602328,213.62331364152,6805.110250560001,3.892084231947355e-07,0.0,9.793248362664,0.0,0.0,-0.0015973623498586453,0.0,0.0,0.0,-213.62331362120003,313.11764635680004,0.603387997234588,42255.52647562547,243.9640545,0.0,0.0,0.0,0.0,0.0,0.0,0.682247035,213.62340077443122
22.0,0.0,0.34413884618880003,214.59924221544,6783.699123456,3.944444109507185e-07,0.0,9.793314120216001,0.0,0.0,-0.0016046598158073286,0.0,0.0,0.0,-214.5992422256,313.2067518936,0.6048563114870701,42382.462328162044,244.10292661111112,0.0,0.0,0.0,0.0,0.0,0.0,0.685168876,214.599332269182
22.1,0.0,0.3472761809352,215.57517737304002,6762.19040244,3.996803987067015e-07,0.0,9.793380179520002,0.0,0.0,-0.0016119573515691824,0.0,0.0,0.0,-215.5751773832,313.2962384304,0.606331325664186,42510.09642330335,244.242432,0.0,0.0,0.0,0.0,0.0,0.0,0.688088239,215.57527040026042
22.2,0.0,0.3504277650816,216.55111911432,6740.584087512,4.066617157146788e-07,0.0,9.793446537528,0.0,0.0,-0.001619254922237621,0.0,0.0,0.0,-216.55111914480003,313.3861053576,0.607812524387118,42638.42525142639,244.38257066666665,0.0,0.0,0.0,0.0,0.0,0.0,0.691005118,216.551215116222
22.3,0.0,0.3535935983232,217.52706750024,6718.880175624,4.118977034706618e-07,0.0,9.793513197288,0.0,0.0,-0.0016265525452659375,0.0,0.0,0.0,-217.5270675104,313.47635237040004,0.6093009384135021,42767.458096513416,244.5233425,0.0,0.0,0.0,0.0,0.0,0.0,0.693919504,217.52716646851118
22.4,0.0,0.35677368157440004,218.50302250032,6697.078672872,4.171336912266448e-07,0.0,9.793580155752,0.0,0.0,-0.001633850220654131,0.0,0.0,0.0,-218.50302248000003,313.5669779448,0.6107960523645201,42897.18857612587,244.66474572222225,0.0,0.0,0.0,0.0,0.0,0.0,0.696831392,218.5031245085724
22.5,0.0,0.3599680148352,219.47898417552003,6675.1795731600005,4.223696789826277e-07,0.0,9.793647415968,0.0,0.0,-0.0016411479309489101,0.0,0.0,0.0,-219.478984206,313.6579842144,0.612297866240172,43027.624106915886,244.80678405555554,0.0,0.0,0.0,0.0,0.0,0.0,0.69974077,219.47908928785
22.6,0.0,0.36317659810560005,220.4549525868,6653.182876488,4.276056667386107e-07,0.0,9.793714977936,0.0,0.0,-0.001648445711056859,0.0,0.0,0.0,-220.4549525868,313.749368436,0.6138063800404581,43158.760528088955,244.94945372222222,0.0,0.0,0.0,0.0,0.0,0.0,0.702647635,220.45506080634402
22.7,0.0,0.3663994319952,221.43092773416,6631.088582856001,4.34586983746588e-07,0.0,9.793782838608001,0.0,0.0,-0.0016557435435246854,0.0,0.0,0.0,-221.43092772400001,313.84113274320003,0.615321593765378,43290.60785619525,245.09275855555555,0.0,0.0,0.0,0.0,0.0,0.0,0.705551974,221.4310390640544
22.8,0.0,0.369636516504,222.40690964808002,6608.896689216,4.39822971502571e-07,0.0,9.793851001032001,0.0,0.0,-0.001663041410899097,0.0,0.0,0.0,-222.4069096176,313.93327439280006,0.616843507414932,43423.159364058396,245.2366947222222,0.0,0.0,0.0,0.0,0.0,0.0,0.708453786,222.40702416387
22.9,0.0,0.37288785224160004,223.38289835904,6586.6071986160005,4.45058959258554e-07,0.0,9.793919465208,0.0,0.0,-0.001670339330633386,0.0,0.0,0.0,-223.3828983692,314.0257939944,0.618371605610302,43556.422190624995,245.3812641111111,0.0,0.0,0.0,0.0,0.0,0.0,0.71135306,223.3830161057908
23.0,0.0,0.3761534389032,224.35889389752,6564.220111056001,4.520402762665313e-07,0.0,9.793988228088,0.0,0.0,-0.001677637302727553,0.0,0.0,0.0,-224.35889387720002,314.1186915480001,0.6199069191091241,43690.39799734005,245.5264667777778,0.0,0.0,0.0,0.0,0.0,0.0,0.714249789,224.3590148898168
23.1,0.0,0.3794332770984,225.33489626352002,6541.73542044,4.572762640225143e-07,0.0,9.79405729272,0.0,0.0,-0.0016849353446348895,0.0,0.0,0.0,-225.33489629400003,314.21196644400004,0.62144893253258,43825.088469588656,245.67230261111112,0.0,0.0,0.0,0.0,0.0,0.0,0.717143966,225.3350205673924
23.2,0.0,0.38272736682720004,226.31090554848,6519.153129816001,4.6251225177849733e-07,0.0,9.794126656056,0.0,0.0,-0.0016922334214488112,0.0,0.0,0.0,-226.31090556880002,314.3056186824,0.6229976458806701,43960.49013126403,245.8187717222222,0.0,0.0,0.0,0.0,0.0,0.0,0.720035582,226.31103318996202
23.3,0.0,0.3860357086992,227.2869217524,6496.473239184,4.694935687864746e-07,0.0,9.794196321144002,0.0,0.0,-0.0016995315506226104,0.0,0.0,0.0,-227.28692175240002,314.3996513112,0.624563366729754,44097.363526763875,245.96587983333333,0.0,0.0,0.0,0.0,0.0,0.0,0.722924623,227.2870527575256
23.4,0.0,0.3893583027144,228.26294490576,6473.695745496,4.7472955654245763e-07,0.0,9.794266287984001,0.0,0.0,-0.0017068297321562874,0.0,0.0,0.0,-228.26294489560001,314.49408597120004,0.626194540688724,44239.09663448546,246.11366116666667,0.0,0.0,0.0,0.0,0.0,0.0,0.725811031,228.2630792700832
23.5,0.0,0.3926951491776,229.23897503904,6450.820648752,4.81710873550435e-07,0.0,9.794336553528,0.0,0.0,-0.0017141279660498419,0.0,0.0,0.0,-229.2389750492,314.58889584,0.627832929951146,44381.57742117918,246.2620738888889,0.0,0.0,0.0,0.0,0.0,0.0,0.72869486,229.2391128305236
23.6,0.0,0.3960462483936,230.21501218272,6427.847952000001,4.86946861306418e-07,0.0,9.794407120824,0.0,0.0,-0.001721426252303274,0.0,0.0,0.0,-230.21501216240003,314.6840824416,0.629478019138202,44524.803186398414,246.41112172222222,0.0,0.0,0.0,0.0,0.0,0.0,0.731576097,230.2151534388468
23.7,0.0,0.39941160036240003,231.19105633680002,6404.777646096,4.939281783143952e-07,0.0,9.794477989872,0.0,0.0,-0.0017287245909165835,0.0,0.0,0.0,-231.19105633680002,314.7796430328,0.63113032362871,44668.7853783131,246.56080094444445,0.0,0.0,0.0,0.0,0.0,0.0,0.734454741,231.1912011464972
23.8,0.0,0.40279120569360005,232.16710759272,6381.609740184001,5.009094953223726e-07,0.0,9.794549157624001,0.0,0.0,-0.0017360229818897705,0.0,0.0,0.0,-232.1671075724,314.8755803568,0.632789328043852,44813.51614934878,246.7111152777778,0.0,0.0,0.0,0.0,0.0,0.0,0.737330779,232.1672559020304
23.9,0.0,0.40618506469200005,233.14316592,6358.34422512,5.061454830783556e-07,0.0,9.794620627128,0.0,0.0,-0.0017433214252228352,0.0,0.0,0.0,-233.14316592000003,314.97189106080003,0.6344555477624461,44958.996610327464,246.86206094444447,0.0,0.0,0.0,0.0,0.0,0.0,0.74020421,233.1433178083352
24.0,0.0,0.4095931773576,234.11923141008,6334.9811070000005,5.131268000863329e-07,0.0,9.794692398384,0.0,0.0,-0.0017506199209157776,0.0,0.0,0.0,-234.11923137960002,315.0685772784,0.6361284674056741,45105.23963146277,247.01364172222225,0.0,0.0,0.0,0.0,0.0,0.0,0.743075021,234.11938691685603
24.1,0.0,0.4130155436904,235.09530403248,6311.520379728,5.201081170943101e-07,0.0,9.794764468344,0.0,0.0,-0.0017579184689685973,0.0,0.0,0.0,-235.09530400200003,315.1656377904,0.637808602352354,45252.23632617862,247.16585577777778,0.0,0.0,0.0,0.0,0.0,0.0,0.745943208,235.09546317614843
24.2,0.0,0.41645216460480006,236.07138384816,6287.962043304,5.253441048502932e-07,0.0,9.794836840056,0.0,0.0,-0.0017652170868345872,0.0,0.0,0.0,-236.07138383800003,315.26307046320005,0.6394959526024859,45399.993364195114,247.31870116666667,0.0,0.0,0.0,0.0,0.0,0.0,0.748808767,236.0715466891012
24.3,0.0,0.4199030401008,237.04747085712,6264.306100776,5.323254218582705e-07,0.0,9.79490951352,0.0,0.0,-0.001772515739607162,0.0,0.0,0.0,-237.04747088760004,315.36087804,0.641190002777252,45548.51328316595,247.47218172222225,0.0,0.0,0.0,0.0,0.0,0.0,0.751671685,237.0476374557144
24.4,0.0,0.42336817048319997,238.0235651508,6240.552549096,5.393067388662478e-07,0.0,9.794982488736,0.0,0.0,-0.0017798144621929072,0.0,0.0,0.0,-238.0235651508,315.45905869200004,0.6428907528766521,45697.79240109923,247.62629544444445,0.0,0.0,0.0,0.0,0.0,0.0,0.75453196,238.0237355274324
24.5,0.0,0.42684755575200006,238.99966669872,6216.701388263999,5.462880558742252e-07,0.0,9.795055762656,0.0,0.0,-0.0017871132196852373,0.0,0.0,0.0,-238.99966667840002,315.55761059040003,0.644599233658322,45847.83739250304,247.78104055555556,0.0,0.0,0.0,0.0,0.0,0.0,0.757389585,238.99984085281082
24.6,0.0,0.430341196212,239.97577556184,6192.752615232001,5.532693728822024e-07,0.0,9.795129335280002,0.0,0.0,-0.0017944120469907373,0.0,0.0,0.0,-239.97577557200003,315.65653617360005,0.646313898985808,45998.65084291139,247.93642083333333,0.0,0.0,0.0,0.0,0.0,0.0,0.760244551,239.9759535861828
24.7,0.0,0.4338490924728,240.95189177064003,6168.706233047999,5.585053606381854e-07,0.0,9.795203212704,0.0,0.0,-0.001801710926656115,0.0,0.0,0.0,-240.9518917808,315.7558336128,0.648036294995564,46150.23426534044,248.09243433333333,0.0,0.0,0.0,0.0,0.0,0.0,0.763096851,240.95207362465962
24.8,0.0,0.4373712445344,241.92801532512001,6144.562238664,5.654866776461628e-07,0.0,9.795277388832,0.0,0.0,-0.0018090098586813702,0.0,0.0,0.0,-241.9280153048,315.85550138400004,0.6497653909299541,46302.583982586315,248.24907911111112,0.0,0.0,0.0,0.0,0.0,0.0,0.765946484,241.92820112257442
24.9,0.0,0.4409076527016,242.90414628624,6120.320629032,5.7246799465414e-07,0.0,9.795351866712,0.0,0.0,-0.001816308843066503,0.0,0.0,0.0,-242.90414629640003,315.9555419256,0.6515011867889781,46455.70778955517,248.40635911111113,0.0,0.0,0.0,0.0,0.0,0.0,0.768793435,242.9043360799272
25.0,0.0,0.44445831727920004,243.88028468448002,6095.9814072,5.794493116621175e-07,0.0,9.795426646344,0.0,0.0,-0.0018236078798115134,0.0,0.0,0.0,-243.88028465400004,316.05595310399997,0.6532441979514539,46609.60722799134,248.56427233333332,0.0,0.0,0.0,0.0,0.0,0.0,0.771637703,243.8804784452736
25.1,0.0,0.448023238572,244.85643051984,6071.544573168,5.864306286700947e-07,0.0,9.795501724680001,0.0,0.0,-0.0018309069863696938,0.0,0.0,0.0,-244.85643053,316.15673522400004,0.6549944244173821,46764.278994156964,248.7228187777778,0.0,0.0,0.0,0.0,0.0,0.0,0.774479279,244.85662832150243
25.2,0.0,0.45160241658,245.83258385328,6047.01012084,5.93411945678072e-07,0.0,9.795577104768,0.0,0.0,-0.0018382061452877519,0.0,0.0,0.0,-245.8325838736,316.2578873712,0.656751350807944,46919.7354124307,248.88199844444443,0.0,0.0,0.0,0.0,0.0,0.0,0.777318159,245.832785760058
25.3,0.0,0.4551958522176,246.80874471528003,6022.378056312001,6.003932626860494e-07,0.0,9.795652786608002,0.0,0.0,-0.0018455053565656875,0.0,0.0,0.0,-246.80874468480002,316.3594092408,0.6585154925019581,47075.967979278554,249.0418113888889,0.0,0.0,0.0,0.0,0.0,0.0,0.780154335,246.808950709496
25.4,0.0,0.45880354518,247.78491310584002,5997.648373488,6.073745796940266e-07,0.0,9.795728767152001,0.0,0.0,-0.0018528046202035005,0.0,0.0,0.0,-247.784913116,316.4613008328,0.660293549424058,47233.50092129203,249.20225755555558,0.0,0.0,0.0,0.0,0.0,0.0,0.782987801,247.78512327270522
25.5,0.0,0.462425495772,248.76108908592002,5972.821072368,6.161012259539983e-07,0.0,9.795805052496,0.0,0.0,-0.0018601039362011913,0.0,0.0,0.0,-248.7610890656,316.5635612328,0.662147882411222,47396.784933580515,249.36333694444448,0.0,0.0,0.0,0.0,0.0,0.0,0.78581855,248.7613034496856
25.6,0.0,0.46606170460320007,249.73727265552003,5947.896156000001,6.230825429619756e-07,0.0,9.795881636544,0.0,0.0,-0.001867403322012052,0.0,0.0,0.0,-249.737272686,316.66619074560003,0.664009946080656,47560.88414079432,249.52504961111111,0.0,0.0,0.0,0.0,0.0,0.0,0.788646577,249.7374912404372
25.7,0.0,0.4697121716736,250.7134638756,5922.873618288,6.30063859969953e-07,0.0,9.795958519296,0.0,0.0,-0.0018747027601827904,0.0,0.0,0.0,-250.71346387560004,316.76918876160005,0.665879225053542,47725.80057305642,249.6873955,0.0,0.0,0.0,0.0,0.0,0.0,0.791471876,250.7136867478488
25.8,0.0,0.47337689728800003,251.68966277664,5897.75346228,6.370451769779303e-07,0.0,9.796035706848,0.0,0.0,-0.0018820022507134062,0.0,0.0,0.0,-251.68966278680003,316.8725546712,0.66775571932988,47891.53626527782,249.8503746111111,0.0,0.0,0.0,0.0,0.0,0.0,0.794294439,251.689889920476
25.9,0.0,0.4770558817512,252.66586935864004,5872.535684928001,6.440264939859077e-07,0.0,9.796113193104,0.0,0.0,-0.0018893018110571922,0.0,0.0,0.0,-252.6658693688,316.9762893888,0.6696394289096701,48058.093635411606,250.0139888888889,0.0,0.0,0.0,0.0,0.0,0.0,0.797114258,252.6661008612076
26.0,0.0,0.48074912567280004,253.64208365208,5847.220286232001,6.527531402458792e-07,0.0,9.796190981112,0.0,0.0,-0.0018966014237608558,0.0,0.0,0.0,-253.6420836724,317.08039047600005,0.671530353792912,48225.46880036877,250.1782345,0.0,0.0,0.0,0.0,0.0,0.0,0.799931332,253.64231957004358
26.1,0.0,0.48445662874800005,254.61830571792,5821.80726924,6.597344572538565e-07,0.0,9.796269070872,0.0,0.0,-0.0019039010888243968,0.0,0.0,0.0,-254.61830569760002,317.1848597616,0.673429009358424,48393.67497510079,250.34311522222222,0.0,0.0,0.0,0.0,0.0,0.0,0.802745651,254.618546046984
26.2,0.0,0.48817839158640003,255.59453555616003,5796.296624808,6.667157742618339e-07,0.0,9.796347459336001,0.0,0.0,-0.001911200823701108,0.0,0.0,0.0,-255.594535546,317.28969419760006,0.6753348802273881,48562.70306235846,250.50862733333332,0.0,0.0,0.0,0.0,0.0,0.0,0.805557213,255.59478039491762
26.3,0.0,0.49191441449280005,256.57077322776,5770.688362080001,6.754424205218055e-07,0.0,9.796426149552001,0.0,0.0,-0.0019185006109376965,0.0,0.0,0.0,-256.5707732176,317.3948965272,0.677247451020986,48732.56105814503,250.6747745555556,0.0,0.0,0.0,0.0,0.0,0.0,0.808366006,256.5710225624
26.4,0.0,0.495664697772,257.54701873272,5744.982471912,6.824237375297828e-07,0.0,9.796505144568002,0.0,0.0,-0.0019258004505341628,0.0,0.0,0.0,-257.5470187632,317.50046309280003,0.679167752496854,48903.25039886827,250.84155311111112,0.0,0.0,0.0,0.0,0.0,0.0,0.811172031,257.54727265232
26.5,0.0,0.4994292417288,258.523272132,5719.178957352001,6.911503837897545e-07,0.0,9.796584435240002,0.0,0.0,-0.0019331003424905068,0.0,0.0,0.0,-258.523272132,317.60639663759997,0.681095269276174,49074.7738615832,251.00896683333332,0.0,0.0,0.0,0.0,0.0,0.0,0.813975276,258.5235306132332
26.6,0.0,0.5032080463632,259.4995334256,5693.277815352,6.981317007977319e-07,0.0,9.796664030712002,0.0,0.0,-0.001940400304260021,0.0,0.0,0.0,-259.4995334256,317.7126953328,0.6830300013589461,49247.13316997915,251.1770137777778,0.0,0.0,0.0,0.0,0.0,0.0,0.816775738,259.4997965480284
26.7,0.0,0.5070011122848,260.475802644,5667.27904896,7.068583470577035e-07,0.0,9.796743924888,0.0,0.0,-0.0019477003358427047,0.0,0.0,0.0,-260.47580264400005,317.81935887360004,0.684972464123988,49420.33047866776,251.34569394444446,0.0,0.0,0.0,0.0,0.0,0.0,0.819573411,260.4760704567056
26.8,0.0,0.5108084394936,261.45207984816,5641.182655128,7.138396640656808e-07,0.0,9.796824120816002,0.0,0.0,-0.001955000419785266,0.0,0.0,0.0,-261.45207983800003,317.92638695520003,0.686921626813664,49594.36262755194,251.5150073888889,0.0,0.0,0.0,0.0,0.0,0.0,0.822368289,261.45235239070917
26.9,0.0,0.514630028904,262.42836503808,5614.988633856001,7.225663103256524e-07,0.0,9.796904618496,0.0,0.0,-0.0019623005560877056,0.0,0.0,0.0,-262.4283650584,318.033778968,0.68887852018561,49769.24225702009,251.68495405555558,0.0,0.0,0.0,0.0,0.0,0.0,0.825160367,262.4286423500392
27.0,0.0,0.5184658799064,263.40465824424,5588.696982095999,7.312929565856241e-07,0.0,9.796985417928,0.0,0.0,-0.0019696007622033145,0.0,0.0,0.0,-263.40465825440003,318.1415346072001,0.6908426288610081,49944.96098802684,251.855534,0.0,0.0,0.0,0.0,0.0,0.0,0.827949638,263.40494038614
27.1,0.0,0.5223159934152,264.3809595276,5562.307702896001,7.382742735936014e-07,0.0,9.797066519112,0.0,0.0,-0.0019769010206788016,0.0,0.0,0.0,-264.38095952760006,318.24965356800004,0.692813952839858,50121.52619413211,252.02674711111112,0.0,0.0,0.0,0.0,0.0,0.0,0.830736098,264.38124649901164
27.2,0.0,0.5261803694304,265.35726888816004,5535.82079016,7.470009198535729e-07,0.0,9.797147919,0.0,0.0,-0.0019842013315141656,0.0,0.0,0.0,-265.357268878,318.3581355456,0.69479249212216,50298.945344656284,252.19859350000002,0.0,0.0,0.0,0.0,0.0,0.0,0.83351974,265.3575607400984
27.3,0.0,0.5300590085616,266.3335863564,5509.2362469360005,7.557275661135447e-07,0.0,9.797229620640001,0.0,0.0,-0.0019915017121627,0.0,0.0,0.0,-266.3335863564,318.4669814544,0.696778246707914,50477.21044359611,252.37107505555556,0.0,0.0,0.0,0.0,0.0,0.0,0.836300557,266.33388316084483
27.4,0.0,0.5339519108088,267.30991199328,5482.554073224001,7.62708883121522e-07,0.0,9.797311624032002,0.0,0.0,-0.0019988021626244044,0.0,0.0,0.0,-267.3099119628,318.5762111064,0.6988279082671001,50660.42171692936,252.54422416666668,0.0,0.0,0.0,0.0,0.0,0.0,0.839078487,267.31021376125085
27.5,0.0,0.5378590767816,268.28624576832,5455.774265976001,7.714355293814936e-07,0.0,9.797393929176,0.0,0.0,-0.0020061026654459866,0.0,0.0,0.0,-268.2862457988,318.6858135288,0.7009151924800001,50846.69014479847,252.71802366666668,0.0,0.0,0.0,0.0,0.0,0.0,0.841853555,268.2865525413164
27.6,0.0,0.5417805061752,269.26258777296,5428.896822144,7.801621756414653e-07,0.0,9.797476536071999,0.0,0.0,-0.0020134032380807387,0.0,0.0,0.0,-269.2625877628,318.79577835839996,0.703009691996352,51033.846224788824,252.89245833333337,0.0,0.0,0.0,0.0,0.0,0.0,0.844625779,269.2628996039304
27.7,0.0,0.545716199904,270.23893800720003,5401.921747824001,7.88888821901437e-07,0.0,9.797559441672,0.0,0.0,-0.0020207038630753685,0.0,0.0,0.0,-270.23893800720003,318.9061055952,0.7051119221949741,51221.89225515282,253.06752816666668,0.0,0.0,0.0,0.0,0.0,0.0,0.847395156,270.2392549490928
27.8,0.0,0.5496661582728001,271.215296532,5374.84903692,7.976154681614086e-07,0.0,9.797642649024,0.0,0.0,-0.0020280045404298757,0.0,0.0,0.0,-271.215296532,319.016792496,0.707221883075866,51410.83508276753,253.24322927777777,0.0,0.0,0.0,0.0,0.0,0.0,0.850161684,271.215618628248
27.9,0.0,0.5536303809768001,272.19166331688,5347.678686384001,8.063421144213803e-07,0.0,9.797726161176001,0.0,0.0,-0.0020353053050508455,0.0,0.0,0.0,-272.1916633372,319.1278405848,0.7093395746390281,51600.67245726076,253.41956555555555,0.0,0.0,0.0,0.0,0.0,0.0,0.852925354,272.1919905899516
28.0,0.0,0.5576088689304001,273.16803845328,5320.4107023120005,8.150687606813518e-07,0.0,9.797809972032,0.0,0.0,-0.0020426061045784004,0.0,0.0,0.0,-273.1680384228,319.239247728,0.711464481505642,51791.40064397231,253.59653322222223,0.0,0.0,0.0,0.0,0.0,0.0,0.855686165,273.1683709370924
28.1,0.0,0.5616016224384001,274.14442191072,5293.045078608001,8.237954069413236e-07,0.0,9.797894081592,0.0,0.0,-0.002049906991372418,0.0,0.0,0.0,-274.1444219412,319.3510154496,0.713597119054526,51983.03860348474,253.77413594444445,0.0,0.0,0.0,0.0,0.0,0.0,0.858444106,274.14475972111484
28.2,0.0,0.565608641196,275.12081378064,5265.581818320001,8.325220532012952e-07,0.0,9.797978495952,0.0,0.0,-0.002057207930526313,0.0,0.0,0.0,-275.1208137908,319.46314374959996,0.71573748728568,52175.57278568475,253.95237388888893,0.0,0.0,0.0,0.0,0.0,0.0,0.861199173,275.1211568905744
28.3,0.0,0.5696299261176,276.09721406304004,5238.020915352,8.412486994612669e-07,0.0,9.798063212064001,0.0,0.0,-0.0020645089220400854,0.0,0.0,0.0,-276.0972140732,319.57562958,0.717885586199104,52369.00998956914,254.13124311111113,0.0,0.0,0.0,0.0,0.0,0.0,0.863951366,276.09756254836003
28.4,0.0,0.5736654772032,277.07362278840003,5210.3623758,8.499753457212384e-07,0.0,9.79814822688,0.0,0.0,-0.002071809983367028,0.0,0.0,0.0,-277.07362278840003,319.6884750744,0.72004090041598,52563.358737823975,254.31074755555557,0.0,0.0,0.0,0.0,0.0,0.0,0.866700674,277.0739766944716
28.5,0.0,0.5777152947576001,278.0500399872,5182.60619052,8.587019919812102e-07,0.0,9.798233543448001,0.0,0.0,-0.002079111114507141,0.0,0.0,0.0,-278.0500399872,319.801678404,0.7222044606939441,52758.61563095089,254.4908851666667,0.0,0.0,0.0,0.0,0.0,0.0,0.869447095,278.05039932890924
28.6,0.0,0.5817793793904,279.02646568992,5154.752365608,8.69173967493176e-07,0.0,9.798319161768001,0.0,0.0,-0.0020864122980071313,0.0,0.0,0.0,-279.02646572040004,319.91523956879996,0.72437523627536,52954.788329791314,254.6716560555556,0.0,0.0,0.0,0.0,0.0,0.0,0.872190623,279.0268305545616
28.7,0.0,0.5858577311016,280.00289995752,5126.800898016001,8.779006137531478e-07,0.0,9.79840508184,0.0,0.0,-0.0020937135687735843,0.0,0.0,0.0,-280.0028999372,320.02915917840005,0.726553227160228,53151.86902986303,254.85306205555557,0.0,0.0,0.0,0.0,0.0,0.0,0.874931251,280.0032703199844
28.8,0.0,0.5899503505008,280.97934275952,5098.751787744,8.866272600131195e-07,0.0,9.798491303664001,0.0,0.0,-0.0021010148744466223,0.0,0.0,0.0,-280.97934273920004,320.14343479440004,0.728739464106184,53349.869892751834,255.0350993888889,0.0,0.0,0.0,0.0,0.0,0.0,0.877668981,280.9797187280664
28.9,0.0,0.5940572372832,281.95579415688,5070.605028696001,8.953539062730911e-07,0.0,9.798577827239999,0.0,0.0,-0.0021083162673861226,0.0,0.0,0.0,-281.9557941772,320.2580679408,0.730932916355592,53548.78881172632,255.2177718888889,0.0,0.0,0.0,0.0,0.0,0.0,0.8804038,281.9561757788076
29.0,0.0,0.598178392668,282.93225418008,5042.360626967999,9.058258817850571e-07,0.0,9.798664652568,0.0,0.0,-0.0021156177126855007,0.0,0.0,0.0,-282.9322542004,320.37305709360004,0.73313409928727,53748.6277498771,255.40107766666665,0.0,0.0,0.0,0.0,0.0,0.0,0.883135708,282.932641472208
29.1,0.0,0.6023138160456001,283.9087228596,5014.0185795120005,9.145525280450286e-07,0.0,9.798751776600001,0.0,0.0,-0.002122919227798049,0.0,0.0,0.0,-283.9087228596,320.48840316720003,0.735343012901218,53949.38953213947,255.58501855555556,0.0,0.0,0.0,0.0,0.0,0.0,0.885864695,283.90911585971196
29.2,0.0,0.6064635086352,284.88520022592,4985.57888328,9.250245035569947e-07,0.0,9.798839205432001,0.0,0.0,-0.002130220795270475,0.0,0.0,0.0,-284.8852002564,320.60410372320007,0.737607072048692,54154.55486182022,255.76959077777778,0.0,0.0,0.0,0.0,0.0,0.0,0.888590765,284.885598992764
29.3,0.0,0.6106274701319999,285.86168630952,4957.041538272,9.337511498169663e-07,0.0,9.798926932968,0.0,0.0,-0.0021375224325560706,0.0,0.0,0.0,-285.86168634,320.7201615048,0.739924730593238,54364.059866653886,255.95480005555558,0.0,0.0,0.0,0.0,0.0,0.0,0.891313902,285.8620909228084
29.4,0.0,0.6148057008408,286.83818114088,4928.406544488,9.424777960769379e-07,0.0,9.799014962256,0.0,0.0,-0.0021448241396548363,0.0,0.0,0.0,-286.83818116120005,320.8365725496,0.742250119820054,54574.5256846445,256.1406406666667,0.0,0.0,0.0,0.0,0.0,0.0,0.894034111,286.8385915984008
29.5,0.0,0.6189982013712,287.81468475048,4899.673901928,9.529497715889039e-07,0.0,9.799103296344,0.0,0.0,-0.0021521259165667725,0.0,0.0,0.0,-287.8146847708,320.9533380768,0.744583755107958,54785.96586590536,256.3271145,0.0,0.0,0.0,0.0,0.0,0.0,0.896751385,287.81510112243
29.6,0.0,0.6232049720280001,288.7911971688,4870.843607544,9.6342174710087e-07,0.0,9.799191929136,0.0,0.0,-0.0021594277632918787,0.0,0.0,0.0,-288.7911971688,321.070458696,0.746925121078132,54998.367387006016,256.5142235,0.0,0.0,0.0,0.0,0.0,0.0,0.899465715,288.7916194434516
29.7,0.0,0.6274260128112,289.76771839584,4841.915661336,9.721483933608416e-07,0.0,9.79928086368,0.0,0.0,-0.002166729662376862,0.0,0.0,0.0,-289.76771840600003,321.1879325784,0.7492747331093941,55211.74844244489,256.7019657222222,0.0,0.0,0.0,0.0,0.0,0.0,0.902177101,289.7681467157988
29.8,0.0,0.6316613246352001,290.74424852304,4812.890063304,9.826203688728074e-07,0.0,9.799370099976,0.0,0.0,-0.002174031631275016,0.0,0.0,0.0,-290.7442485332,321.3057606384,0.7516320758229261,55426.10127562003,256.8903431111111,0.0,0.0,0.0,0.0,0.0,0.0,0.904885534,290.74468283658285
29.9,0.0,0.6359109071951999,291.72078751992,4783.7668104,9.930923443847734e-07,0.0,9.799459638024,0.0,0.0,-0.0021813336699863396,0.0,0.0,0.0,-291.7207874996,321.42394043760004,0.753997664597546,55641.432972809744,257.0793518333333,0.0,0.0,0.0,0.0,0.0,0.0,0.907591016,291.72122796013684
30.0,0.0,0.6401747611008,292.69733544744,4754.545905672,1.0018189906447451e-06,0.0,9.799549477824,0.0,0.0,-0.002188635778510834,0.0,0.0,0.0,-292.69733545760005,321.5424741096,0.756370984054436,55857.74185820499,257.2689966111111,0.0,0.0,0.0,0.0,0.0,0.0,0.910293536,292.6977820350164
